FIPS,STATE,COUNTY,Geographic Area Name,Utility Name,Latitude,Longitude,Percentage of Unemployment,Percentage of Not in Labor Force,"Percentage of Less than 10,000 (Income)","Percentage of 10,000 to 14,999 (Income)","Percentage of 15,000 to 24,999 (Income)","Percentage of 25,000 to 34,999 (Income)","Percentage of 35,000 to 49,999 (Income)","Percentage of 50,000 to 74,999 (Income)","Percentage of 75,000 to 99,999 (Income)","Percentage of 100,000 to 149,999 (Income)","Percentage of 150,000 to 199,999 (Income)","Percentage of 200,000 or more (Income)",Percentage of with Social Security (Income),Percentage of With Supplemental Security Income (Income),Percentage of With Cash Public Assistance (Income),Percentage of With Food Stamp SNAP (Income), Percentage of Below Poverty Level All People (Income),"Percentage of Less than 5,000 (Owner-occupied)","Percentage of 5,000 to 9,999 (Owner-occupied)","Percentage of 10,000 to 14,999 (Owner-occupied)","Percentage of 15,000 to 19,999 (Owner-occupied)","Percentage of 20,000 to 24,999 (Owner-occupied)","Percentage of 25,000 to 34,999 (Owner-occupied)","Percentage of 35,000 to 49,999 (Owner-occupied)","Percentage of 50,000 to 74,999 (Owner-occupied)","Percentage of 75,000 to 99,999 (Owner-occupied)","Percentage of 100,000 to 149,999 (Owner-occupied)","Percentage of 150,000 or more (Owner-occupied)","Water, Sewer or Combine",Consumption amount (Gallons),Monthly Bill,Annual  Bill,Year
01007,Alabama,Bibb,"Bibb County, Alabama",,,,8.71,49.97,7.61,9.15,10.93,10.46,11.21,16.99,14.79,12.35,3.03,3.48,45.12,7.26,3.16,20.08,18.9,1.85,2.16,5.64,5.62,3,12.04,10.8,19.87,15.66,14.77,8.6,Combined,4000,80,960,2022
01009,Alabama,Blount,"Blount County, Alabama",,,,5.97,44.02,6.68,5.19,8.45,9.71,14.19,16.36,12.86,15.29,6.39,4.87,39.52,8.56,2.05,10.79,10.8,2.36,1.6,3.15,3.75,3.8,9.68,12.46,17,14.19,18.06,13.95,Combined,4000,80,960,2022
01015,Alabama,Calhoun,"Calhoun County, Alabama",,,,6.95,43.44,8.03,6.01,9.83,11.03,12.02,18.02,13.08,14.34,4.23,3.4,39.46,8.01,2.19,17.69,13.5,3.6,2.08,3.89,3.51,4.46,9.59,11.23,17.68,15.7,17.89,10.36,Combined,4000,80,960,2022
01017,Alabama,Chambers,"Chambers County, Alabama",,,,3.58,44.03,5.11,7.79,12.54,11.6,13.95,17.77,12.28,11.44,3.97,3.54,43.33,9.42,0.99,16.78,15.2,3.03,0.91,6.34,4.92,5.77,11,16.28,18.16,13.38,11.32,8.91,Combined,4000,80,960,2022
01019,Alabama,Cherokee,"Cherokee County, Alabama",,,,3.97,48.88,4.54,6,13.93,11.86,16.64,16.76,11.5,11.68,4.04,3.03,46.74,6.17,1.61,11.3,12,2.36,0.87,5.03,6.59,5.77,11.01,15.12,18.01,12.86,13.92,8.47,Combined,4000,80,960,2022
01021,Alabama,Chilton,"Chilton County, Alabama",,,,5.3,43.56,5.37,4.55,9.11,11.64,11.21,17.85,17.36,14.67,4.94,3.3,38.11,7.28,2.15,12.98,11.8,2.2,2.75,3.16,4.58,4.1,9.32,11,18.73,18.43,16.61,9.12,Combined,4000,80,960,2022
01027,Alabama,Clay,"Clay County, Alabama",,,,5.75,52.62,8.3,7.78,8.13,10.1,17.25,18.14,8.88,12.53,6.67,2.22,40.95,6.24,4.36,13.64,15.4,4.35,3.07,5.19,3.42,3.03,7.33,16.92,19.2,10.31,15.82,11.36,Combined,4000,80,960,2022
01029,Alabama,Cleburne,"Cleburne County, Alabama",,,,2.6,51.71,7.36,4.83,10.29,10.4,15.34,17.13,15.14,12.52,4.37,2.62,43.62,6.08,1.72,14.25,8.7,2.96,1.58,4.47,3.34,4.89,9.45,13.06,18.66,17.57,15.39,8.63,Combined,4000,80,960,2022
01033,Alabama,Colbert,"Colbert County, Alabama",,,,3.41,43.15,7.08,5.79,9.76,9.3,14.09,17.77,13.39,14.25,4.84,3.73,38.43,6.91,0.64,15.34,13.7,2.52,1.42,4.29,2.83,3.84,6.72,12.94,20.62,15.48,18.15,11.19,Combined,4000,80,960,2022
01037,Alabama,Coosa,"Coosa County, Alabama",,,,4.4,53.59,2.1,5.65,11.28,10.83,17.18,19,12.45,15.65,3.63,2.23,49.64,7.88,0.58,11.5,9.5,1.32,0.34,3.76,4.09,4.59,9.73,17.05,20.1,13.85,17.97,7.2,Combined,4000,80,960,2022
01043,Alabama,Cullman,"Cullman County, Alabama",,,,4.34,41.89,4.99,4.88,10.1,9.75,13.66,18.56,13.74,13.77,6.01,4.54,38.98,5.49,1.11,9.99,9.8,2.13,1.56,4.08,3.29,4.29,9.14,13.16,17.57,15.21,16.58,13,Combined,4000,80,960,2022
01049,Alabama,DeKalb,"DeKalb County, Alabama",,,,3.92,43.53,5.91,7.27,12.12,12.03,14.25,18.1,12.23,11.83,3.54,2.72,37.74,6.07,1.06,16.52,17.7,2.98,1.04,4.69,5.47,4.13,10.54,14.18,20.33,14.34,14.21,8.09,Combined,4000,80,960,2022
01051,Alabama,Elmore,"Elmore County, Alabama",,,,4.15,41.39,3.45,2.42,7.44,8.35,11.92,17.65,16.85,18.2,7.71,6.02,36.25,4.66,1.9,10.57,8.3,1.72,1.22,2.08,2.7,2.2,5.69,10.44,16.82,19.26,21.11,16.77,Combined,4000,80,960,2022
01055,Alabama,Etowah,"Etowah County, Alabama",,,,6.01,43.31,5.86,6.03,11.71,10.25,14.36,18.95,11.35,13.1,5.28,3.11,39.07,7.38,2.07,14.23,12.2,2.97,1.4,2.99,4.92,5.77,8.63,13.96,19.38,13.42,16.06,10.49,Combined,4000,80,960,2022
01057,Alabama,Fayette,"Fayette County, Alabama",,,,9.64,47.9,6.77,9.67,11.87,13.5,10.56,14.55,12.4,14.06,2.83,3.78,43.01,8.04,2.18,19.6,19.5,3.93,1.82,5.47,7.08,3.93,12.26,9.89,15.58,13.22,18.09,8.71,Combined,4000,80,960,2022
01059,Alabama,Franklin,"Franklin County, Alabama",,,,3.83,43.95,5.77,7.44,12.48,12.21,13.6,16.74,13.7,10.55,5.53,1.98,39.39,6.65,1.33,19.63,15,2.42,2.88,4.54,4.56,7.5,9.5,13.11,15.79,15.65,13.81,10.24,Combined,4000,80,960,2022
01065,Alabama,Hale,"Hale County, Alabama",,,,7.65,49.08,9.35,12.47,17.69,10.03,9.38,13.03,11.94,10.11,2.83,3.16,45.14,12.47,3.63,25.08,19.5,2.27,4.37,11.99,7.36,5.56,10.75,10.22,13.76,14.33,12.56,6.83,Combined,4000,80,960,2022
01071,Alabama,Jackson,"Jackson County, Alabama",,,,6.04,49.52,5.59,6.99,12.77,12.51,15.34,15.39,11.73,12.09,4.14,3.45,42.34,6.12,0.91,14.03,16.2,2.49,1.53,4.11,5.42,6.05,10.52,16.02,16.35,13.35,14.78,9.39,Combined,4000,80,960,2022
01073,Alabama,Jefferson,"Jefferson County, Alabama",,,,5.39,38.71,6.55,5.01,8.62,8.36,11.91,16.75,12.05,14.09,7.33,9.31,32.04,7.23,1.51,13.49,12.7,2.14,1.79,2.76,2.9,3.44,5.97,9.33,16.56,13.68,17.63,23.81,Combined,4000,80,960,2022
01075,Alabama,Lamar,"Lamar County, Alabama",,,,5.01,48.89,5.57,7.53,13.24,9.6,14.59,19.76,8.26,15.96,3.66,1.84,47.47,10.51,1.39,17.92,11.6,0.54,0.78,4.8,5.16,5.18,9.59,14.05,21.1,10.81,20.63,7.36,Combined,4000,80,960,2022
01077,Alabama,Lauderdale,"Lauderdale County, Alabama",,,,3.62,41.88,6.1,5.14,10.89,8.62,14.17,17.14,14.21,12.1,7.64,3.99,37.42,4.55,1.23,10.9,9.3,1.95,1.07,3.13,2.87,2.94,7.58,13.17,18.65,16.9,15.39,16.35,Combined,4000,80,960,2022
01079,Alabama,Lawrence,"Lawrence County, Alabama",,,,2.97,46.72,5.84,5.33,9.87,9.98,13.7,19.96,13.64,12.11,3.93,5.64,42.53,7.51,1.05,16.43,13.1,2.54,1.35,3.92,4.12,5.43,8.96,14,19.64,15.03,13.64,11.36,Combined,4000,80,960,2022
01083,Alabama,Limestone,"Limestone County, Alabama",,,,4.14,40.34,3.35,3.86,7.31,6.41,9.2,17.1,14.62,17.93,10.84,9.38,31.1,4.9,1.02,7.95,8.6,1.44,1.38,1.89,2.48,3.17,5.47,7.84,16.38,15.06,20.24,24.65,Combined,4000,80,960,2022
01087,Alabama,Macon,"Macon County, Alabama",,,,12.5,50.25,12.17,6.83,13.42,11.33,14.02,15.83,11.08,9.56,3.2,2.55,41.34,10.59,1.22,23.35,20.8,4.08,3.12,3.85,6.93,5.35,10.72,15.91,15.71,12.81,12.81,8.73,Combined,4000,80,960,2022
01089,Alabama,Madison,"Madison County, Alabama",,,,4.23,35.86,4.77,3.17,6.94,7.55,10.29,15.6,12.49,17.02,10.12,12.06,27.8,3.83,2.81,8.69,8.2,1.83,0.91,1.61,2.09,2.38,5.17,8.27,14.77,13,20.32,29.64,Combined,4000,80,960,2022
01093,Alabama,Marion,"Marion County, Alabama",,,,6.47,48.29,4.86,9.38,15.23,8.18,12.57,17.34,15.54,11.83,2.41,2.67,43.59,9.95,1.98,15.24,11.5,1.64,1.27,5.73,5.58,7.53,8.11,11.65,18.2,19.85,13.68,6.75,Combined,4000,80,960,2022
01095,Alabama,Marshall,"Marshall County, Alabama",,,,3.81,43.13,5.78,5.27,10.27,9.36,12.5,18.14,13.45,13.64,5.98,5.6,38.15,5.54,1.19,11.14,14.6,2.46,1,3.76,3.36,4.45,8.3,11.88,19.3,15.32,15.68,14.5,Combined,4000,80,960,2022
01103,Alabama,Morgan,"Morgan County, Alabama",,,,4.19,41.5,4.69,4.48,9.49,10.82,11.5,17.33,12.11,15.83,7.78,5.97,36.49,6.27,1.23,12.33,11.1,2.12,1.31,2.63,2.81,3.58,7.94,10.4,17.52,13.86,19.74,18.08,Combined,4000,80,960,2022
01107,Alabama,Pickens,"Pickens County, Alabama",,,,5.29,53.24,5.62,9.61,13.02,12.58,14.44,14.1,10.94,11.37,5.6,2.71,43.68,8.25,0.99,16.29,18.7,0.49,2.51,5.6,4.84,3.75,13.67,16.66,15.99,12.45,14.33,9.71,Combined,4000,80,960,2022
01111,Alabama,Randolph,"Randolph County, Alabama",,,,3.25,50.4,8.49,7.89,11.17,10.13,12.4,16.52,11.32,14.5,3.91,3.68,39.9,8.96,4.61,15.91,16.9,3.66,2.2,4.29,4.34,7.39,9.57,12.19,17.32,12.52,17.41,9.12,Combined,4000,80,960,2022
01115,Alabama,St. Clair,"St. Clair County, Alabama",,,,4.29,40.67,3.65,2.95,8.01,7.01,11.6,17.64,15.83,21.85,6.04,5.42,36.06,5.07,1.49,9.7,9.1,2.3,0.61,2.36,2.65,4.28,5.93,11.55,17.46,16.32,24.13,12.4,Combined,4000,80,960,2022
01117,Alabama,Shelby,"Shelby County, Alabama",,,,3.12,34.46,3.88,2.33,4.63,6.06,8.6,16.31,12.41,20.72,11.77,13.28,29.97,3.04,0.75,4.69,4.7,2,0.94,1.74,1.8,1.84,4.9,6.79,15.69,12.13,22.7,29.47,Combined,4000,80,960,2022
01121,Alabama,Talladega,"Talladega County, Alabama",,,,8.38,46.93,7.31,8.19,11.53,9.51,11.77,17.1,12.37,12.87,5.93,3.41,38.3,7.79,0.91,15.51,16.3,3.17,1.64,5.44,3.86,4.18,8.97,11.64,19.98,13.74,14.95,12.44,Combined,4000,80,960,2022
01123,Alabama,Tallapoosa,"Tallapoosa County, Alabama",,,,10.42,48.56,7.48,6.86,12.27,9.17,12.29,19.48,12.04,11.3,5.35,3.75,45.83,7.34,1.57,18.01,14.5,3.08,2.25,4.58,5.17,5.13,8.12,11.48,21.86,13.84,12.79,11.73,Combined,4000,80,960,2022
01125,Alabama,Tuscaloosa,"Tuscaloosa County, Alabama",,,,5.53,38.43,8.41,4.31,8.82,8.72,11.67,16.51,12.38,16.23,6.99,5.97,29.8,4.73,4.04,10.92,11.9,2.25,1.35,1.94,2.95,2.84,5.6,10.05,16.14,15.56,22.35,18.98,Combined,4000,80,960,2022
01127,Alabama,Walker,"Walker County, Alabama",,,,5.67,47.62,6.63,7.23,12.36,9.81,12.69,16,12.77,15.03,4.65,2.82,43.75,7.89,1.7,14.5,12.4,2.92,1.3,5.51,4.28,5.83,9.27,13.01,17.17,13.53,17.87,9.3,Combined,4000,80,960,2022
01133,Alabama,Winston,"Winston County, Alabama",,,,4.42,47.32,5.03,8.66,9.38,13.28,14.15,20.34,10.16,11.97,3.33,3.69,41.11,7.4,2.2,13.34,13.8,2.37,1.53,5.84,3.51,4.23,10.99,14.83,23.21,11.35,13.58,8.57,Combined,4000,80,960,2022
13011,Georgia,Banks,"Banks County, Georgia",,,,2.48,42.17,4.45,6.21,9.42,7.54,10.72,14.4,18.37,18.88,5.77,4.21,36.1,4.6,1.44,9.87,10.8,2.67,0.62,2.63,6.02,3.41,5.12,11.74,13.76,19.42,21.73,12.88,Combined,4000,80,960,2022
13013,Georgia,Barrow,"Barrow County, Georgia",,,,3.99,33.2,4.34,2.1,5.79,6.99,12.24,18.53,16.64,19.61,8.37,5.4,30.34,3.9,1.62,10.13,7.8,2.09,0.91,0.99,1.64,2.23,6.07,11.58,18.33,17.03,22.96,16.17,Combined,4000,80,960,2022
13015,Georgia,Bartow,"Bartow County, Georgia",,,,5.46,36.17,5.3,2.68,6.3,7.45,11.36,17.11,15.04,20.79,7.02,6.94,29.08,5.97,1.79,8.49,8.9,3.82,0.65,1.63,2.46,2.61,5.94,8.69,15.68,16.46,24.58,17.48,Combined,4000,80,960,2022
13045,Georgia,Carroll,"Carroll County, Georgia",,,,5.92,37.11,5,3.45,10.09,9.62,11.16,15.81,14.95,17.84,6.47,5.61,33.68,5.48,2.05,14.89,14.1,1.96,0.89,1.96,3.24,2.79,8.16,9.55,16.24,18.67,20.67,15.88,Combined,4000,80,960,2022
13047,Georgia,Catoosa,"Catoosa County, Georgia",,,,3.71,37.87,4.23,3.22,6.6,7.84,14.66,17.91,14.51,18.04,6.33,6.67,36.08,3.45,2.23,10.78,7.1,2.22,1.17,2.44,2.16,2.33,5.49,12.97,16.9,16.53,21.16,16.61,Combined,4000,80,960,2022
13055,Georgia,Chattooga,"Chattooga County, Georgia",,,,4.73,51.5,6.6,6.7,14.54,14.55,15.66,20.07,7.91,9.55,3.19,1.24,43,9.46,9.26,19.07,16.7,2.39,2.35,4.6,5.71,4.01,14.92,16.07,21.57,10.64,11.53,6.2,Combined,4000,80,960,2022
13057,Georgia,Cherokee,"Cherokee County, Georgia",,,,3.68,31.07,2.92,1.86,4.4,5.47,7.7,14.48,12.65,22,13.86,14.65,28.16,2.66,1.17,3.55,5.2,1.29,0.94,1.26,1.46,1.16,3.81,6.36,12.62,12.87,23.83,34.4,Combined,4000,80,960,2022
13083,Georgia,Dade,"Dade County, Georgia",,,,5.48,44.01,1.47,2.88,7.26,16.35,16.73,16.53,14.98,15.1,2.52,6.19,41.6,6.5,2.29,7.92,4.3,0.45,1.27,3.23,3.82,3.13,14.62,13.52,18.67,11.81,18.67,10.82,Combined,4000,80,960,2022
13085,Georgia,Dawson,"Dawson County, Georgia",,,,4.64,36.74,4.49,1.85,3.94,5.82,11.32,16.39,13.93,19.88,10.18,12.21,35.03,3.26,1.5,7.4,8.4,1.94,1.33,1.4,1.83,1.22,5.27,9.57,15.03,12.86,23.85,25.7,Combined,4000,80,960,2022
13097,Georgia,Douglas,"Douglas County, Georgia",,,,6.56,33.18,5.45,2.89,5.34,6.63,10.79,17.59,16,18.06,9.8,7.45,26.15,5.03,2.23,12.5,9.3,2.74,0.76,1.83,1.31,1.5,5.41,9.07,15.88,16.75,20.28,24.46,Combined,4000,80,960,2022
13105,Georgia,Elbert,"Elbert County, Georgia",,,,7.46,41.68,7.34,5.93,10.53,10.54,18.47,14.28,10.91,14.19,5,2.81,42.55,9.96,1.23,15.22,16.3,3.76,1.86,2.56,6.34,4.71,10.47,17.84,17.39,9.5,16.67,8.89,Combined,4000,80,960,2022
13111,Georgia,Fannin,"Fannin County, Georgia",,,,5.44,51.92,6.18,4.94,7.43,11.95,13.07,23.06,11.23,10.35,6.18,5.61,50.51,5.69,1.53,11.19,8.8,4.87,1.04,3.61,3.63,3.69,9.12,12.67,22.95,11.9,11.77,14.75,Combined,4000,80,960,2022
13115,Georgia,Floyd,"Floyd County, Georgia",,,,4.09,42.22,5.48,5.62,10.1,9.03,14.01,17.54,10.48,16.1,6.36,5.28,36.12,5.88,2,13.44,14.7,1.76,0.96,2.27,3.78,3.31,6.57,12.15,18.13,12.31,21.59,17.18,Combined,4000,80,960,2022
13117,Georgia,Forsyth,"Forsyth County, Georgia",,,,3.72,30.41,1.82,1,3.03,3.01,6.24,9.78,10.58,21.68,16.18,26.7,23.3,2.39,0.81,2.59,3.4,0.93,0.7,0.66,0.65,1.41,2.56,4.9,8.37,9.94,21.7,48.17,Combined,4000,80,960,2022
13119,Georgia,Franklin,"Franklin County, Georgia",,,,6.16,46.98,8.43,6.01,11.18,8.31,14.4,19.05,12.59,11.34,4.29,4.39,41.82,5.19,1.83,13.05,15.2,3.72,1.92,4.5,4.8,5.86,8.44,13.69,19.83,11.74,14.53,10.98,Combined,4000,80,960,2022
13123,Georgia,Gilmer,"Gilmer County, Georgia",,,,2.42,46.81,4.43,3.98,10.06,10.34,9.15,16.36,17.84,16.77,6.36,4.71,48.78,6.01,1.74,8.49,10.6,3.04,0.87,2.76,3.86,3.72,7.68,8.49,17.47,19.56,18.5,14.06,Combined,4000,80,960,2022
13129,Georgia,Gordon,"Gordon County, Georgia",,,,3.01,40.05,4.63,5.29,9.55,9.77,13.5,17.96,12.84,14.17,6.31,5.99,33.58,6.46,1.73,9.48,11,1.97,1.79,4.48,4.01,3.01,7.24,12.06,17.6,14.81,16.69,16.32,Combined,4000,80,960,2022
13135,Georgia,Gwinnett,"Gwinnett County, Georgia",,,,4.1,31.57,3.6,2.19,5.02,7.14,10.24,17.11,13.77,19.61,10.1,11.21,21.76,3.1,1.87,7.1,8.9,1.66,0.85,1.6,1.91,1.65,4.54,8.01,14.59,13.51,22.72,28.95,Combined,4000,80,960,2022
13137,Georgia,Habersham,"Habersham County, Georgia",,,,2.29,42.41,5.29,5.72,8.2,10.44,12.5,18.24,12.1,15.46,5.71,6.34,38.91,4.87,1.69,12.67,11.1,2.15,2.14,4.76,3.85,2.5,8.81,11.71,18.84,12.88,17.53,14.84,Combined,4000,80,960,2022
13139,Georgia,Hall,"Hall County, Georgia",,,,3.88,36.13,3.85,3.09,6.85,6.55,11.27,18.83,13.86,17.06,8.63,10,31.07,4.77,1.82,9.24,12,1.43,1.11,1.75,2.03,3.11,5.14,9.05,18.04,14.42,19.95,23.96,Combined,4000,80,960,2022
13143,Georgia,Haralson,"Haralson County, Georgia",,,,4.38,38.36,7.39,3.94,8.14,5.37,12.53,19.25,14.95,12.77,11.15,4.52,36.25,7.59,2.44,12.88,10.2,4.3,2.2,3.2,3.97,3.37,5.55,9.81,17.19,14.2,16.47,19.75,Combined,4000,80,960,2022
13147,Georgia,Hart,"Hart County, Georgia",,,,4.8,45.28,5.76,4.99,9.86,9.15,12.56,18.66,14.1,15.42,4.64,4.86,42.63,5.33,0.88,11.72,7.4,2.16,2.17,3.45,3.05,4.07,9.1,9.82,20.79,16.6,16.88,11.93,Combined,4000,80,960,2022
13149,Georgia,Heard,"Heard County, Georgia",,,,5.43,46.04,5.68,6.88,11.49,7.04,11.6,18.05,14.98,14.19,5.09,5.02,38.86,12.01,2.18,25.09,14.6,0.51,2.16,4.49,2.99,6.9,6.97,12.76,18.96,14.38,16.74,13.14,Combined,4000,80,960,2022
13157,Georgia,Jackson,"Jackson County, Georgia",,,,3.63,35.93,3.24,2.41,4.87,7.52,10.68,16.84,14.69,20.95,8.94,9.86,31.08,4.69,2.3,8.26,5.8,1.45,0.96,1.31,1.89,1.91,6.41,8.8,16.46,14.55,23.6,22.66,Combined,4000,80,960,2022
13187,Georgia,Lumpkin,"Lumpkin County, Georgia",,,,5.06,42.83,4.83,5.64,10.25,9.77,11.02,13.3,14.88,14.91,9.05,6.34,36.54,3.31,1.29,8.22,7.6,1.68,0.92,3.81,2.73,5.11,9.02,9.87,14.23,16.42,17.17,19.03,Combined,4000,80,960,2022
13195,Georgia,Madison,"Madison County, Georgia",,,,5.85,41.36,5.33,6.26,8.83,14.01,13.5,13.54,12.66,16.41,5.06,4.39,35.97,7.29,1.64,13.79,18.4,2.86,3.02,3.22,1.9,4.67,10.41,13.56,14.64,14.08,20.58,11.06,Combined,4000,80,960,2022
13213,Georgia,Murray,"Murray County, Georgia",,,,6.67,39.27,3.95,6.14,8.49,10.84,13.37,18.55,16.37,13.37,4.22,4.7,32.65,8.07,2.02,13.25,10.9,1.68,1.11,4.41,4.23,3.56,8.94,12.03,19.88,17.21,15.63,11.3,Combined,4000,80,960,2022
13223,Georgia,Paulding,"Paulding County, Georgia",,,,4.09,33.32,2.98,0.91,4.33,4.3,9.6,17.43,17.25,24.1,11.67,7.43,25.8,4.84,2.88,8.99,5.2,1.33,0.6,0.63,2.11,1.84,3.35,8.98,16.33,16.61,26.52,21.7,Combined,4000,80,960,2022
13227,Georgia,Pickens,"Pickens County, Georgia",,,,4.52,42.16,3.8,3.06,9.11,8.67,11.2,16.08,14.37,20.99,6.35,6.36,42.91,3.79,1.53,9.31,12.1,2.27,1.3,2.23,2.31,4.83,7.46,9.13,16.43,14.05,24.23,15.74,Combined,4000,80,960,2022
13233,Georgia,Polk,"Polk County, Georgia",,,,4.81,42.24,6.3,5.91,11.57,10.59,13.94,15.04,14.35,13.37,5.34,3.58,34.24,7.27,4.12,16.38,14.5,1.3,1.18,2.19,3.18,6.21,9.05,13.41,14.88,17.02,18.32,13.26,Combined,4000,80,960,2022
13241,Georgia,Rabun,"Rabun County, Georgia",,,,2.64,51.79,4.03,8.53,8.49,11.91,11.55,16.37,14.17,12.96,5.03,6.95,47.09,4.9,2.14,11.75,10.7,1.78,1.37,5.03,2.86,5.03,9.77,11.66,16.38,16.1,15.73,14.28,Combined,4000,80,960,2022
13257,Georgia,Stephens,"Stephens County, Georgia",,,,5.85,44.67,5.88,3.55,13.96,11.02,13.43,20.73,11.4,12.99,4.92,2.11,44.07,7.26,1.88,15.23,7.9,2.88,2.83,2.8,6.3,6.21,7.22,11.97,22.74,12.81,15.07,9.17,Combined,4000,80,960,2022
13281,Georgia,Towns,"Towns County, Georgia",,,,5.49,56.17,5.07,6.68,12.19,9.7,11.53,19.86,12.87,12.1,5.22,4.8,56.09,4.12,1.15,9.06,12.6,2.06,2.29,5.3,6.48,3.91,8.47,10.51,19.77,14.24,14.49,12.48,Combined,4000,80,960,2022
13291,Georgia,Union,"Union County, Georgia",,,,2.73,53.73,3.99,3.01,12.32,9.62,12.08,18.37,12.54,14.12,6.65,7.31,54.07,4.91,0.71,8.56,8.5,1.83,0.9,2.36,6.3,4.23,9.11,11.05,18.91,12.64,15.74,16.92,Combined,4000,80,960,2022
13295,Georgia,Walker,"Walker County, Georgia",,,,5.49,41.16,4.7,6.2,10.69,9.97,15.84,19.56,13.6,11.6,3.71,4.12,39.85,5.76,1.47,11.42,10.9,2.78,0.78,4.05,4.43,4.92,7.71,14.36,21.39,14.79,14.4,10.38,Combined,4000,80,960,2022
13311,Georgia,White,"White County, Georgia",,,,3.48,44.35,5.43,2.36,7.01,8.9,15.99,15.53,18.42,15.67,5.68,5.01,41.06,4.31,1.42,9.12,10.3,2.93,0.9,1.71,1.87,2.11,7.17,16.65,15.94,18.85,19.79,12.09,Combined,4000,80,960,2022
13313,Georgia,Whitfield,"Whitfield County, Georgia",,,,5.7,36.97,3.62,3.63,9.83,10.74,13.33,19.16,15.24,14.56,5.06,4.82,30.98,6.02,1.71,8.84,11.1,2.51,0.91,1.86,3.1,3.18,9.05,10.83,19.01,17.21,18.68,13.65,Combined,4000,80,960,2022
21001,Kentucky,Adair,"Adair County, Kentucky",,,,6.65,46.09,5.45,9.79,11.54,8.44,15.17,19.87,11.82,13.38,2.65,1.9,44.54,9.86,1.81,14.73,16.6,2.94,2.15,6.04,5.09,5.46,8.42,15.28,19.92,13.42,15.71,5.57,Combined,4000,80,960,2022
21011,Kentucky,Bath,"Bath County, Kentucky",,,,2.88,49.03,5.18,9.62,11.71,8.44,14.64,18.46,13.73,11.33,4.54,2.35,36.95,10.43,1.42,20.15,19.6,2.14,1.91,3.17,4.43,7.48,8.94,15,17.51,16.37,14.65,8.4,Combined,4000,80,960,2022
21013,Kentucky,Bell,"Bell County, Kentucky",,,,9.95,59.08,11.54,9.89,16.61,13.2,13.62,16.57,8.89,7.1,1.59,0.99,49.13,13.6,8.57,24.79,21.9,3.57,2.87,4.48,9.97,4.79,14.52,14.4,20.26,11.18,10.12,3.84,Combined,4000,80,960,2022
21019,Kentucky,Boyd,"Boyd County, Kentucky",,,,6.88,47.5,5.37,7.51,10.26,9.46,10.62,18.49,12.99,15.39,4.94,4.95,41.93,9.38,2.47,16.33,13.5,2.38,1.17,4.2,4.05,2.68,8.57,9.44,18.63,15.71,19.71,13.47,Combined,4000,80,960,2022
21025,Kentucky,Breathitt,"Breathitt County, Kentucky",,,,8.89,54.93,8.93,13.13,14.25,10.63,11.85,18.19,10.29,9.95,1.59,1.18,45.29,20.15,3.56,30.1,24.2,4.47,2.28,9.2,4.66,8.39,11.54,12.06,18.43,13.15,12.33,3.5,Combined,4000,80,960,2022
21043,Kentucky,Carter,"Carter County, Kentucky",,,,5.96,54.59,11.05,6.86,11.98,10.08,12.85,16.94,9.81,13.81,3.72,2.91,43.54,8.64,1.92,20.8,19.3,4.2,3.26,6.09,5.23,6.5,8.97,11.03,18.21,11.56,16.76,8.2,Combined,4000,80,960,2022
21045,Kentucky,Casey,"Casey County, Kentucky",,,,10.38,51.94,8.72,9.31,12.59,10.88,18.88,14.03,10.55,10.18,1.99,2.87,43.14,10.93,0.96,18.96,22.7,5.69,2.45,5.41,4.29,5.23,10.16,20.69,14.51,12.68,13,5.89,Combined,4000,80,960,2022
21049,Kentucky,Clark,"Clark County, Kentucky",,,,5.19,40.08,4.82,5.57,8.68,8.25,13.71,18.69,11.6,17.69,6.14,4.85,38.07,6.66,1.96,12.93,11.6,1.31,1.32,2.74,3.66,2.62,7.77,12.81,19.22,12.42,21.69,14.43,Combined,4000,80,960,2022
21051,Kentucky,Clay,"Clay County, Kentucky",,,,10,58.32,10.48,12.05,12.52,13.4,13.57,14.23,12.28,8.55,1.86,1.05,44.06,19.62,2.12,32.81,27.8,5.61,3.52,8.71,6.32,5.72,12.16,13.38,15.13,14.58,11.44,3.42,Combined,4000,80,960,2022
21053,Kentucky,Clinton,"Clinton County, Kentucky",,,,5.59,47.52,7.65,9.5,10.05,13.53,20.97,13.32,11.74,9.75,1.82,1.66,42.78,13.81,3.35,22.63,16.3,2.36,2.24,8.75,3.03,4.23,14.17,22.29,15.52,11.93,10.7,4.79,Combined,4000,80,960,2022
21057,Kentucky,Cumberland,"Cumberland County, Kentucky",,,,3.79,48.7,12.58,11.87,7.9,8.38,19.97,17.47,5.76,13.58,1.79,0.71,38.15,11.27,1.03,21.95,23.4,7.39,5.5,7.75,0.94,1.99,9.32,19.91,19.7,6.71,17.92,2.88,Combined,4000,80,960,2022
21061,Kentucky,Edmonson,"Edmonson County, Kentucky",,,,6.82,50.19,4.98,7.44,8.7,13.17,13.84,17.06,14.92,15.27,3.3,1.32,43.15,6.32,0.55,12.21,11.7,1.34,2.73,6.74,6.74,2.47,11.16,11.26,18.81,16.72,16.99,5.03,Combined,4000,80,960,2022
21063,Kentucky,Elliott,"Elliott County, Kentucky",,,,6.03,67.44,9.19,10.78,12.77,12.06,15.38,16.04,9.81,12.59,0.88,0.49,47.55,12.37,1.5,25.01,20,3.29,0.75,5.99,9.05,6.05,14.52,17.46,20.06,5.94,15.1,1.79,Combined,4000,80,960,2022
21065,Kentucky,Estill,"Estill County, Kentucky",,,,8.72,53.87,10.35,10.78,10.47,14.83,10.4,17.93,12.42,8.12,2.86,1.85,40.4,13.55,5.17,29.56,19.7,6.75,1.13,7.55,3.68,2.26,16.04,11.98,18.64,16.21,9.39,6.37,Combined,4000,80,960,2022
21069,Kentucky,Fleming,"Fleming County, Kentucky",,,,8.43,44.52,7.34,6.11,12.86,11.41,14.29,17,14.69,11.05,2.58,2.68,38.84,9.88,1.74,19.56,16.8,0.82,3.53,4.74,8.18,3.25,10.17,14.07,17.18,18.6,12.85,6.61,Combined,4000,80,960,2022
21071,Kentucky,Floyd,"Floyd County, Kentucky",,,,6.77,57.92,10.94,9.96,13.65,12.22,10.25,15.39,12.06,11.16,3.03,1.33,48.54,13.93,1.97,24.8,25.6,4.33,3.69,6.73,5.96,7.19,12.5,10.9,15.66,12.92,14.33,5.78,Combined,4000,80,960,2022
21079,Kentucky,Garrard,"Garrard County, Kentucky",,,,5.29,45.1,4.32,4.25,10.54,9.03,16.2,16.77,10.25,17.05,7.48,4.12,38.15,7.35,1.16,13.32,13.8,1.56,1.37,3.53,3.98,5.3,8.35,13.85,16.83,11.45,20.01,13.78,Combined,4000,80,960,2022
21087,Kentucky,Green,"Green County, Kentucky",,,,9.48,50.1,6.5,8.46,15.91,14.78,12.37,13.84,13.07,9.98,2.61,2.48,45.92,13.98,3.07,18.66,16.6,3.63,2.66,5.65,7.73,5.8,14.17,11.6,15.73,14.84,12.09,6.11,Combined,4000,80,960,2022
21089,Kentucky,Greenup,"Greenup County, Kentucky",,,,6.17,49.91,6.96,5.55,9.18,9.51,11.53,20.84,11.31,12.58,7.41,5.13,42.99,6.53,1.66,11.8,11.8,3.24,1.18,3.25,3.55,4.96,8.61,10.94,21.79,11.8,15.06,15.61,Combined,4000,80,960,2022
21095,Kentucky,Harlan,"Harlan County, Kentucky",,,,10.8,60.37,9.54,10.15,17.16,13.01,13.25,16.67,9.31,7.1,1.91,1.9,49.36,13.06,8.41,27.76,27,4.12,2.78,6.64,6.78,7.62,11.36,15.6,20.24,11.62,7.72,5.53,Combined,4000,80,960,2022
21099,Kentucky,Hart,"Hart County, Kentucky",,,,3.53,45.85,7.79,8.85,13.68,10.15,13.24,15.47,15.65,9.14,2.56,3.46,38.24,9.04,1.67,18.06,17.8,4.81,2.88,5.73,4.05,8.71,10.7,13.38,15.06,15.17,11.38,8.12,Combined,4000,80,960,2022
21109,Kentucky,Jackson,"Jackson County, Kentucky",,,,5.98,56.04,6.25,13.17,13.99,11.02,11.66,23.79,7.59,8.4,3.34,0.8,44.78,14.71,1.77,25.26,17.8,2.94,1.72,10.21,3.14,11.24,11.41,11.09,25.06,7.71,10.26,5.23,Combined,4000,80,960,2022
21115,Kentucky,Johnson,"Johnson County, Kentucky",,,,5.35,55.43,10.04,7.77,14.18,8.51,13.97,14.86,10.99,13.78,4.15,1.76,44,11.75,2.05,23.37,16.6,4.52,1.91,5.23,4.52,6.36,8.12,14.82,18.17,11.47,16.51,8.37,Combined,4000,80,960,2022
21119,Kentucky,Knott,"Knott County, Kentucky",,,,10.63,59.97,9.56,9.74,13,15.44,14.31,15.05,10.16,8.34,3,1.4,47.67,15.69,2.84,28.89,23.7,3.59,2.72,5.33,6.89,6.24,15.95,14.34,14.74,13.13,11.37,5.7,Combined,4000,80,960,2022
21121,Kentucky,Knox,"Knox County, Kentucky",,,,8.87,57.35,12.6,12.79,17.87,7.63,11.78,14.02,8.84,9.16,2.49,2.81,40.81,20.76,2.79,30.18,31.4,3.95,4.82,8.65,8.26,7.71,9.12,13.77,15.54,10.37,10.12,7.67,Combined,4000,80,960,2022
21125,Kentucky,Laurel,"Laurel County, Kentucky",,,,3.63,46.13,8.64,6.41,9.47,8.92,13.85,16.53,14.65,13.76,5.07,2.69,38.86,7.81,1.64,17.13,17.5,3.27,1.22,4.57,3.84,3.64,8.15,14.58,18.35,15.91,17.03,9.44,Combined,4000,80,960,2022
21127,Kentucky,Lawrence,"Lawrence County, Kentucky",,,,5.19,61.94,9.75,6.33,14.02,13.9,12.08,18.25,9.74,9.75,4.61,1.57,47.63,13.91,3.46,25.24,24.6,3.9,2.4,4.14,4.28,6.89,13.11,13.84,19.25,13,10.88,8.32,Combined,4000,80,960,2022
21129,Kentucky,Lee,"Lee County, Kentucky",,,,8.08,58.44,10.13,14.87,15.09,15.97,15.81,13.2,6.64,6.14,1.29,0.87,45.58,16.27,2.46,31.48,24.1,3.38,1.96,13.02,5.45,6.98,19.51,15.69,14.33,7.85,8.83,3,Combined,4000,80,960,2022
21131,Kentucky,Leslie,"Leslie County, Kentucky",,,,9.99,56.21,8.49,11.87,12.11,16.39,12.36,18.82,6.46,12.82,0.27,0.41,53.11,10.44,4.46,25.5,31.9,1.25,4.77,10.22,2.8,8.82,18.39,13.93,18.7,6.67,13.68,0.78,Combined,4000,80,960,2022
21133,Kentucky,Letcher,"Letcher County, Kentucky",,,,7.75,56.44,9.48,11.5,14.01,11.94,12.74,17.12,10.91,8.73,1.81,1.75,47.96,13.88,1.69,28.82,25.1,3.39,4.17,8.36,5.79,5.04,12.2,11.2,20.25,13.77,11.28,4.54,Combined,4000,80,960,2022
21135,Kentucky,Lewis,"Lewis County, Kentucky",,,,7.35,57.38,9.04,8.43,17.43,13.87,11.88,16.96,10.24,8.37,2.46,1.32,46.1,10.81,1.72,22.83,22.5,3.35,2.55,7.13,9.73,5.24,14.38,11.75,19.6,11.91,9.57,4.79,Combined,4000,80,960,2022
21137,Kentucky,Lincoln,"Lincoln County, Kentucky",,,,6.55,44.94,5.88,8.55,10.7,10.79,14.72,20.26,10.19,12.45,4.21,2.23,39.54,11.04,1.48,16.45,13.3,1.62,2.68,6.41,6.03,3.2,10.02,15.4,20.18,11.74,14.93,7.79,Combined,4000,80,960,2022
21147,Kentucky,McCreary,"McCreary County, Kentucky",,,,5.61,61.89,12.32,15.21,10.27,12.2,12.47,17.71,9.35,6.81,3.27,0.4,43.07,18.86,2.34,32.09,28.3,6.25,3.03,10.24,6.79,5.26,9.46,12.85,19.05,12.21,9.72,5.16,Combined,4000,80,960,2022
21151,Kentucky,Madison,"Madison County, Kentucky",,,,5.43,36.68,6.14,4.98,8.81,9.08,13.09,16.66,12.61,16.91,7.02,4.7,32.01,6.3,1.51,12.4,10.9,1.43,1.32,1.95,2,3.31,6.05,10.36,16.52,14.98,24.46,17.61,Combined,4000,80,960,2022
21153,Kentucky,Magoffin,"Magoffin County, Kentucky",,,,12.83,63.2,11.64,11.88,15.99,15.48,11.86,14.23,8.7,5.82,2.17,2.24,49.93,18.05,1.45,32.63,25.9,2.92,5.87,8.76,7.27,10.13,16.71,11.45,15.95,8.97,6.37,5.61,Combined,4000,80,960,2022
21159,Kentucky,Martin,"Martin County, Kentucky",,,,6.39,65.33,11.77,12.41,7.35,12.35,11.42,18.77,4.85,15.47,2.4,3.22,47.82,16.64,2.61,22.84,20.1,5.63,2.19,7.66,4.05,3.37,14.33,11.16,21.18,5.97,17.34,7.12,Combined,4000,80,960,2022
21165,Kentucky,Menifee,"Menifee County, Kentucky",,,,4.66,57,11.27,10.34,10.83,9.15,13.13,12.6,15.03,13.7,3.63,0.31,44.87,13.35,2.43,20.25,22,1.97,5.67,9.73,5.49,4.6,8.84,14.93,15.34,15.4,14.03,4,Combined,4000,80,960,2022
21169,Kentucky,Metcalfe,"Metcalfe County, Kentucky",,,,4.8,44.36,5.34,10.55,10.65,14.01,12.64,19.5,10.05,12.38,3.51,1.37,40.96,9.57,3.1,16.47,19.7,3.09,1.67,5.53,5.44,5.65,14.79,13.93,16.89,12.23,14.52,6.27,Combined,4000,80,960,2022
21171,Kentucky,Monroe,"Monroe County, Kentucky",,,,5.35,42.26,8.49,9.62,9.99,11.8,12.35,16.79,10.52,12.79,5.26,2.4,45.75,7.86,2.24,17.83,17.5,2.76,4.06,7.1,3.97,3.88,11.51,11.48,15.17,12.9,17.28,9.89,Combined,4000,80,960,2022
21173,Kentucky,Montgomery,"Montgomery County, Kentucky",,,,5.98,44.66,6.85,6.46,10.75,7.71,15.24,17.72,14.27,16.09,3.38,1.53,35.15,7.69,1.41,19.27,12.6,2.04,1.94,3.92,4.21,3.7,7.01,14.69,19.13,15.65,20.85,6.87,Combined,4000,80,960,2022
21175,Kentucky,Morgan,"Morgan County, Kentucky",,,,3.11,61.15,7.5,9.43,12.97,9.3,14.73,16.81,11.17,9.17,6.41,2.51,45.34,10.85,1.61,20.24,17.5,2.37,2.7,6.16,6.41,6.41,9.66,15.28,17.68,11.1,11.16,11.07,Combined,4000,80,960,2022
21181,Kentucky,Nicholas,"Nicholas County, Kentucky",,,,5.63,47.84,7.19,4.55,9.07,15.03,10.37,16.6,18.13,11.94,4.67,2.45,39.71,10.25,2.6,12.32,13.6,3.43,2.57,1.34,4.28,2.52,14.73,13.28,13.93,18.05,15.91,9.96,Combined,4000,80,960,2022
21189,Kentucky,Owsley,"Owsley County, Kentucky",,,,14.15,62.81,11.21,13.81,13.67,13.81,12.36,9.62,16.05,6.58,2.89,0,52.86,26.17,2.39,29.86,19.1,3.54,4.11,8.11,7.09,2.06,12.46,12.34,12.69,22.63,10.4,4.57,Combined,4000,80,960,2022
21193,Kentucky,Perry,"Perry County, Kentucky",,,,7.53,51.17,7.75,10.25,9.68,15.91,9.71,16.24,12.59,10.91,4.08,2.88,39.6,14.71,0.76,25.04,19.8,2.35,2.26,8.11,4.59,4.58,14.53,9.16,18.23,15.36,13.05,7.77,Combined,4000,80,960,2022
21195,Kentucky,Pike,"Pike County, Kentucky",,,,7.28,56.53,10.56,8.88,14.85,10.29,13.22,15.6,11.33,10.05,2.89,2.33,48.07,12.33,1.84,19.57,19.5,3.37,3.33,6.84,6.14,7.42,10.68,15.15,16.36,12.37,12.19,6.15,Combined,4000,80,960,2022
21197,Kentucky,Powell,"Powell County, Kentucky",,,,7.08,48.86,8.97,13.14,13.72,11.85,8.33,8.18,17.13,14.94,2.25,1.48,40.06,12.32,1.07,20.44,16,2.9,3.91,3.59,6.08,4.54,13.46,7.72,10.47,20.52,21.31,5.49,Combined,4000,80,960,2022
21199,Kentucky,Pulaski,"Pulaski County, Kentucky",,,,4.88,45.38,8.1,8.74,10.03,12.29,12.19,15.29,12.52,12.11,5.04,3.68,40.54,8.94,2.34,14.95,17.8,5.14,1.46,5.23,3.57,4.47,12.02,11.62,16.06,14.52,14.37,11.55,Combined,4000,80,960,2022
21201,Kentucky,Robertson,"Robertson County, Kentucky",,,,7.04,47.6,14.93,3.76,5.27,7.78,16.19,14.93,17.44,15.06,3.39,1.25,40.28,7.03,1.25,25.09,14.9,1.02,3.72,4.23,3.05,3.05,9.98,20.47,12.86,20.47,14.89,6.26,Combined,4000,80,960,2022
21203,Kentucky,Rockcastle,"Rockcastle County, Kentucky",,,,6.56,50.66,9.33,8.04,14.28,8.95,13.42,19.62,11.8,9.4,2.07,3.09,40.74,13.09,3.75,21.3,20.8,4.43,2.06,6.33,5.61,9.32,8.76,14.8,22.43,9.44,10.04,6.78,Combined,4000,80,960,2022
21205,Kentucky,Rowan,"Rowan County, Kentucky",,,,4.59,43.93,9.45,6.48,10.2,12.65,11.18,20.59,6.74,12.49,5.05,5.18,34.27,7.22,2.87,20.96,19.8,1.91,1.22,4.13,3.89,3.51,14.58,11.25,18.41,10.18,15.45,15.47,Combined,4000,80,960,2022
21207,Kentucky,Russell,"Russell County, Kentucky",,,,6.07,45.14,7.65,7.65,12.06,11.7,12.47,16.07,15.74,10.3,3.54,2.81,40.97,10.69,1.1,17.74,18.7,2.93,2.32,6.71,5.45,3.78,8.5,13.01,18.05,18.88,11.91,8.46,Combined,4000,80,960,2022
21231,Kentucky,Wayne,"Wayne County, Kentucky",,,,5.17,54.9,7.53,11.83,12.59,12.78,12.85,16.92,10.81,9.57,2.99,2.13,46.54,14.75,2.22,16.6,20.4,3.32,2.59,10.17,7.15,5.26,13.61,10.55,18.11,10.72,11.99,6.55,Combined,4000,80,960,2022
21235,Kentucky,Whitley,"Whitley County, Kentucky",,,,6.42,49.58,7.78,10.91,12.65,9.44,14.66,17.2,10.92,11.16,2.58,2.71,40.65,12.47,3.2,19.86,18.3,2.78,1.84,10.58,6.21,5.92,9.2,11.31,17.4,12.65,15.14,6.99,Combined,4000,80,960,2022
21237,Kentucky,Wolfe,"Wolfe County, Kentucky",,,,20.26,63.38,1.48,25.1,19.99,12.37,17.28,15.52,5.11,2.39,0.76,0,48.04,35.79,3.87,33.76,28.6,0.7,0,13.22,9.42,9.25,14.1,23.23,19.08,6.73,3.16,1.11,Combined,4000,80,960,2022
24001,Maryland,Allegany,"Allegany County, Maryland",,,,6.76,50.4,7.09,6.31,9.74,10.22,13.04,17.64,13.19,14.71,5.16,2.89,41.02,7.67,4.43,21.18,10.1,2.1,1.37,2.55,2.94,3.63,9.12,12.08,20.14,16.51,19.07,10.49,Combined,4000,80,960,2022
24023,Maryland,Garrett,"Garrett County, Maryland",,,,4.63,41.74,3.96,4.15,7.8,9.75,12.95,18.4,13.2,15.52,7.17,7.1,39.84,4.43,2.06,14.98,8.6,1.74,1.02,1.83,2.64,2.87,8.59,13.35,17.49,15.29,17.83,17.35,Combined,4000,80,960,2022
24043,Maryland,Washington,"Washington County, Maryland",,,,4.99,40,4.71,3.87,7.09,8.01,11.61,16.04,13.46,17.71,8.76,8.73,33.89,5.61,3.32,15.94,9.2,1.86,1.19,1.02,1.99,2.21,5.82,9.44,15.62,14.46,22.44,23.95,Combined,4000,80,960,2022
28003,Mississippi,Alcorn,"Alcorn County, Mississippi",,,,6.37,44.85,7.23,8.5,13.37,10.21,13.07,18.98,9.97,11.02,5,2.65,39.72,11.36,1.54,19.59,12,3.48,1.44,4.22,5.47,5.33,9.69,11.95,20.58,13.13,14.81,9.88,Combined,4000,80,960,2022
28009,Mississippi,Benton,"Benton County, Mississippi",,,,4.44,45.96,8.55,6.12,17.3,10.73,17.3,17.3,9.36,9.14,1.17,3.01,44.1,8.81,2.79,16.88,15,4.88,3.6,6.4,9.52,5.64,8,15.33,20.09,10.56,10.8,5.16,Combined,4000,80,960,2022
28013,Mississippi,Calhoun,"Calhoun County, Mississippi",,,,4.24,44.25,4.54,8.65,15.1,11.82,15.42,19.85,11.03,10.69,1.76,1.13,40.21,10.99,3.26,12.99,16,2.39,1.39,5.7,6.18,8.07,10.91,13.95,20.95,13.2,13.85,3.41,Combined,4000,80,960,2022
28017,Mississippi,Chickasaw,"Chickasaw County, Mississippi",,,,3.12,47.55,9.89,11.82,13.39,10.15,17.26,13.15,10.24,10.06,3.15,0.89,43.46,6.89,0.93,16.05,25.2,2.9,6.19,7.58,9.59,3.09,8.89,14.86,16.27,13.62,12.24,4.77,Combined,4000,80,960,2022
28019,Mississippi,Choctaw,"Choctaw County, Mississippi",,,,7.32,48.33,4.47,8.52,17.07,11.64,13.17,16.28,11.66,13.17,1.56,2.46,47.82,9.31,1.25,15.18,17,1.56,1.93,7.73,8.1,6.58,11.44,14.64,15.42,13.74,15.75,3.12,Combined,4000,80,960,2022
28025,Mississippi,Clay,"Clay County, Mississippi",,,,8.85,47.64,11.01,8.74,11.87,15.5,13.77,15.29,12.83,7.14,2.18,1.68,34.11,3.57,0.96,18.6,19.3,6.12,2.2,6.08,5.7,3.79,15.99,13.36,15.51,16.43,9.89,4.92,Combined,4000,80,960,2022
28057,Mississippi,Itawamba,"Itawamba County, Mississippi",,,,2.8,42.07,3.65,6.13,9.63,11.23,14.82,15.34,16.57,17.61,2.97,2.05,37.18,5.63,0.85,7.17,5.5,2.7,0.68,6.2,1.9,5.99,12.23,14.16,16.16,14.71,20,5.27,Combined,4000,80,960,2022
28069,Mississippi,Kemper,"Kemper County, Mississippi",,,,14.07,49.32,11.77,6.01,15.37,6.75,21.06,16.29,8.94,6.08,4.74,2.99,46.04,6.9,0.06,16.1,18.8,3.77,2.24,6.05,3.03,13.51,7.05,22.25,18.69,10.11,4.1,9.2,Combined,4000,80,960,2022
28081,Mississippi,Lee,"Lee County, Mississippi",,,,5.56,37.14,4.91,5.29,9.78,9.04,11.72,15.29,15.28,16.89,5.74,6.05,32.88,5.21,1.64,9.49,10.7,1.97,0.61,2.64,3.73,3.87,6.81,10.66,15.97,17.28,20.19,16.27,Combined,4000,80,960,2022
28087,Mississippi,Lowndes,"Lowndes County, Mississippi",,,,6.24,42.25,8.8,6.97,11.96,9.26,10.14,15.5,12.63,14.53,5.73,4.48,33.43,4.33,1.09,13.27,16.1,3.03,2.21,4.97,4.64,4.5,6.96,10.68,15.62,14.68,18.89,13.84,Combined,4000,80,960,2022
28093,Mississippi,Marshall,"Marshall County, Mississippi",,,,4.81,46.16,5.82,6.81,9.29,9.39,17.75,18.63,7.94,15.03,4.46,4.86,39.52,11.36,2.43,10.02,16.5,2.85,1.38,5.06,3.53,4.87,9,15.09,17.79,9.55,19.12,11.77,Combined,4000,80,960,2022
28095,Mississippi,Monroe,"Monroe County, Mississippi",,,,5.49,47.19,7.08,5.77,12.92,10.02,12.95,17.02,11.99,13.7,5.21,3.33,38.46,6.17,2.99,12.36,13.3,3.58,1.55,4.75,5.14,4.61,9.36,13.53,18.24,13.56,15.17,10.52,Combined,4000,80,960,2022
28097,Mississippi,Montgomery,"Montgomery County, Mississippi",,,,7.81,51.28,11.04,9.32,12.56,14.28,17.78,11.41,8.54,7.42,3.66,3.99,49.5,11.12,2.14,16.29,20.9,9.48,0.67,9.29,2.9,4.82,6.07,19.44,15.09,10.78,10.54,10.93,Combined,4000,80,960,2022
28103,Mississippi,Noxubee,"Noxubee County, Mississippi",,,,9.31,46.54,12.5,8.66,10.44,11.28,15.45,21.81,7.39,9.39,2.73,0.35,43.34,14.48,3.92,27.71,21.3,5.15,4.02,6.45,5.29,2.86,12.11,17.47,22.07,9.68,11.49,3.41,Combined,4000,80,960,2022
28105,Mississippi,Oktibbeha,"Oktibbeha County, Mississippi",,,,6.8,43.67,16.46,6.22,12.77,8.32,12.44,10.95,10.8,10.83,6.57,4.64,22.81,4.95,2.55,9.94,13.9,3.49,0.93,4.4,2.31,2.74,4.33,12.08,13.96,15.48,17.31,22.99,Combined,4000,80,960,2022
28107,Mississippi,Panola,"Panola County, Mississippi",,,,9.5,49.2,6.33,9.47,11.51,12.38,11.06,15.37,13.88,10.78,6.15,3.08,46.18,9.3,2.79,13.36,18.4,2.69,1.6,5.52,5.51,4.97,8.34,10.75,18.97,15.5,13.83,12.32,Combined,4000,80,960,2022
28115,Mississippi,Pontotoc,"Pontotoc County, Mississippi",,,,2.94,40.82,6.16,3.94,9.7,11.74,15,16.4,13.7,15.75,5.77,1.86,34.08,5.98,1.07,10.46,14.7,3.02,0.72,4.48,4.95,2.48,9.4,13.76,16.83,16.18,19.09,9.09,Combined,4000,80,960,2022
28117,Mississippi,Prentiss,"Prentiss County, Mississippi",,,,5,45.09,8.26,7.56,10.74,8.06,14.68,16.36,13.54,13.5,3.89,3.4,38.06,9.26,2.36,10.75,11.8,2.27,2.48,6.07,4.31,6.38,7,14.92,17.51,14.72,15.78,8.55,Combined,4000,80,960,2022
28139,Mississippi,Tippah,"Tippah County, Mississippi",,,,5.97,42.74,4.42,7.29,14.52,10.67,16.66,15.23,14.46,11.63,2.56,2.56,40.58,7.48,0.85,11.21,15.2,0.94,2.23,5.07,5.05,9,10.29,12.55,16.96,15.68,15.38,6.85,Combined,4000,80,960,2022
28141,Mississippi,Tishomingo,"Tishomingo County, Mississippi",,,,3.54,48.98,9.29,7.33,15.64,7.55,12.38,18.48,12.7,9.32,3.95,3.36,39.36,12.82,0.89,10.84,14,5.41,3.5,4.11,9.09,3.66,7.78,13.42,17.51,15.1,11.81,8.6,Combined,4000,80,960,2022
28145,Mississippi,Union,"Union County, Mississippi",,,,4.07,41.26,3.98,3.49,11.92,10.03,14.57,19.6,14.2,12.66,5.08,4.46,38.76,8.52,2.6,7.03,9.4,1.6,1.52,3.72,7.46,3.53,8.27,12.9,18.53,15.98,14.99,11.49,Combined,4000,80,960,2022
28155,Mississippi,Webster,"Webster County, Mississippi",,,,6.38,43.71,6.37,6.17,9.13,9.72,13.68,19.24,14.78,13.06,5.71,2.14,41.18,7.5,2.88,20.07,13.4,0.79,1.2,4.2,2.4,4.55,7.39,15.76,20.12,18.26,16.11,9.22,Combined,4000,80,960,2022
28159,Mississippi,Winston,"Winston County, Mississippi",,,,6.91,50.12,6.44,7.75,15.12,11.54,11.81,20.08,9.9,11.32,2.48,3.56,45.32,9.44,1.54,19.63,26.5,0.92,1.08,3.85,6.73,7.61,11.52,10.73,21.11,13.07,15.07,8.3,Combined,4000,80,960,2022
28161,Mississippi,Yalobusha,"Yalobusha County, Mississippi",,,,5.04,47.78,6.89,7.11,14.32,13.79,10.5,19.57,12.24,9.48,5.17,0.94,46.75,8.62,1.27,10.44,17.8,2.42,1.94,7.37,8.97,2.87,12,10.49,18.5,14.06,12.62,8.77,Combined,4000,80,960,2022
36003,New York,Allegany,"Allegany County, New York",,,,7.31,45.83,6.81,4.51,8.79,9.32,12.78,19.26,14.45,15.29,5.39,3.4,43.14,8.12,4.07,14.92,13.1,2.79,1.65,2.7,3.25,3.8,8.98,12.24,20.27,16.26,17.77,10.28,Combined,4000,80,960,2022
36007,New York,Broome,"Broome County, New York",,,,6.94,43.18,6.9,5.36,10.26,8.61,12.07,17.6,11.6,15.37,6.14,6.1,36.6,6.27,3.46,15.45,13.5,2.5,1.41,1.81,2.8,3.69,6.74,10.98,18.66,13.79,20.35,17.27,Combined,4000,80,960,2022
36009,New York,Cattaraugus,"Cattaraugus County, New York",,,,5.4,43.34,5.49,6.67,9.51,10.02,13.76,17.64,13.32,15.12,4.8,3.67,40.69,7.98,3.03,16.33,13.4,2.83,1.53,3.87,3.51,3.45,8.7,12.46,18.79,15.32,18.59,10.93,Combined,4000,80,960,2022
36013,New York,Chautauqua,"Chautauqua County, New York",,,,5.42,44.32,6.31,5.97,11.24,9.72,12.96,17.75,12.43,14.86,5.22,3.53,39.38,7.26,4.26,19.53,13.4,2.18,1.61,2.96,3.33,4.4,7.72,12.16,18.3,15.72,19.35,12.27,Combined,4000,80,960,2022
36015,New York,Chemung,"Chemung County, New York",,,,6.33,42.55,5.83,5.23,7.66,9.3,11.89,18.83,14.04,16.88,5.77,4.58,39.21,5.63,4.13,16.94,11.5,1.77,1.05,1.99,2.87,3.34,6.16,12.08,19.04,15.97,21.5,14.24,Combined,4000,80,960,2022
36017,New York,Chenango,"Chenango County, New York",,,,7.1,40.69,3.37,4.92,9.44,9.58,12.91,19.81,13.61,16.75,5.87,3.74,41.64,8.22,4.14,15.44,8.8,2.14,0.7,2.81,3.59,3.56,7.56,11.67,19.89,15.83,20.03,12.2,Combined,4000,80,960,2022
36023,New York,Cortland,"Cortland County, New York",,,,5.36,37.15,3.71,5.15,7.89,8.43,12.69,20.58,13.09,16.48,7.56,4.42,32.92,6,2.46,13.81,6.9,1.36,0.31,2.44,2.86,2.5,6.67,10.33,20.72,14.66,20.98,17.18,Combined,4000,80,960,2022
36025,New York,Delaware,"Delaware County, New York",,,,6.11,46.51,5.56,5.32,9.9,8.76,13.1,18.5,13.64,14.25,6.1,4.87,46.69,7.35,3.01,12.33,11.5,2.74,1.76,2.84,4.15,3.24,8.16,13.06,18.32,15.12,16.87,13.73,Combined,4000,80,960,2022
36077,New York,Otsego,"Otsego County, New York",,,,4.96,43.95,4.56,4.46,9.08,7.43,11.64,19.47,14.56,17.05,6.09,5.67,41.52,4.15,1.91,9.89,8.5,1.53,1.57,1.94,3.5,3.85,6.71,10.45,18.39,17.38,19.66,15.02,Combined,4000,80,960,2022
36095,New York,Schoharie,"Schoharie County, New York",,,,5.29,42.08,3.4,5.33,7.42,7.24,12.13,17.69,15.66,17.69,6.74,6.69,43.34,6.2,3.32,11.58,6.1,2,1.24,2.34,2.68,3.2,6.83,10.8,17.07,17.46,20.04,16.34,Combined,4000,80,960,2022
36097,New York,Schuyler,"Schuyler County, New York",,,,5.67,41.5,4.47,4.53,10.42,8.64,13.34,14.91,15.12,16.72,7.44,4.42,41.06,6.8,3.13,16.88,11.6,1.55,1.45,2.01,3.51,4.91,9.1,11.44,16.46,15.78,19.13,14.66,Combined,4000,80,960,2022
36101,New York,Steuben,"Steuben County, New York",,,,6.31,40.69,5.44,3.75,8.58,9.62,13.49,16.98,13.49,16.25,7.21,5.19,37.47,6.1,2.96,11.78,9.5,1.48,1.52,2.08,2.61,3.6,7.78,12.12,17.58,15.83,19.4,16,Combined,4000,80,960,2022
36107,New York,Tioga,"Tioga County, New York",,,,5.59,39.41,3.67,4.15,7.33,8.51,12.51,16.82,14.8,17.77,7.6,6.85,37.89,5.47,2.99,11.71,6.4,1.19,0.93,2.37,2.09,2.84,6.83,11.05,17.86,16.05,20.83,17.95,Combined,4000,80,960,2022
36109,New York,Tompkins,"Tompkins County, New York",,,,4.69,41.88,8.72,3.45,6.26,7.54,11.59,15.6,11.79,16.11,8.48,10.46,26.41,3.32,2.57,8.02,5.5,1.19,0.64,0.89,1.03,1.88,4.57,6.69,16.67,13.34,22.55,30.54,Combined,4000,80,960,2022
37003,North Carolina,Alexander,"Alexander County, North Carolina",,,,5.58,41.93,4.12,4.7,8.97,8.92,12.38,22.4,14.02,16.25,4.54,3.71,41.82,6.63,1.9,8.93,9.7,1.77,0.76,3.68,3.21,5.14,7.93,12.18,20.83,15.99,18.78,9.71,Combined,4000,80,960,2022
37005,North Carolina,Alleghany,"Alleghany County, North Carolina",,,,5.32,50.63,6,6.93,13.31,12.9,17.14,14.1,11.16,10.94,2.82,4.72,46.45,5.55,1.03,10.8,15.4,3.09,2.04,5.69,7.04,3.95,11.95,15.9,14.94,13.38,13.23,8.78,Combined,4000,80,960,2022
37009,North Carolina,Ashe,"Ashe County, North Carolina",,,,5.1,45.99,6.53,4.57,12.58,12.16,15.03,19.77,10.61,10.49,6.23,2.03,44.78,5.26,0.58,12.13,9.7,2.44,0.81,3.74,4.1,5.81,11.55,15.61,21.73,11.92,12.54,9.76,Combined,4000,80,960,2022
37011,North Carolina,Avery,"Avery County, North Carolina",,,,5.01,54.7,4.97,5.23,11.54,10.43,15.03,17.71,12.11,12.73,4.81,5.43,46.88,5.37,2.33,9.38,7.6,1.73,2.95,3.91,4.22,4.62,10.41,13.32,17.56,13.38,15.16,12.75,Combined,4000,80,960,2022
37021,North Carolina,Buncombe,"Buncombe County, North Carolina",,,,3.64,39.48,3.95,4.32,8.72,8.16,12.72,18.3,12.8,15.68,6.58,8.78,36.38,3.28,1.24,8.65,7.5,1.38,1.09,2.56,3.38,2.74,5.85,10.29,17.53,14.28,19.98,20.91,Combined,4000,80,960,2022
37023,North Carolina,Burke,"Burke County, North Carolina",,,,5.99,42.95,5.43,5.26,11.04,9.07,16.17,18.02,12.96,14.18,4.01,3.86,41.25,4.64,1.92,14.03,14.4,2.64,1.05,4.43,3.84,4.1,7.43,15.94,18.63,14.94,17.17,9.83,Combined,4000,80,960,2022
37027,North Carolina,Caldwell,"Caldwell County, North Carolina",,,,5.78,41.94,3.99,5.52,12.81,11.7,13.28,18.17,12.19,15.02,4.5,2.84,43.03,6.27,0.82,12.19,11.1,1.43,0.74,4.17,4.87,5.65,10.54,12.49,18.94,13.36,18.73,9.08,Combined,4000,80,960,2022
37035,North Carolina,Catawba,"Catawba County, North Carolina",,,,5.14,38.68,5.05,4.07,8.91,9.43,13.01,19.09,13.53,15.66,5.5,5.75,35.34,4.75,2.68,12.08,10.3,2.67,0.74,2.79,3.21,4.39,7.08,12.18,18.19,15.01,18.88,14.86,Combined,4000,80,960,2022
37039,North Carolina,Cherokee,"Cherokee County, North Carolina",,,,4.92,51.59,4.37,6.88,11.22,13.14,15.36,19.12,12.44,11.35,3.24,2.89,52.02,5.67,0.81,10.3,13,2.57,1.36,7.02,2.76,4.99,12.07,15.3,20.57,12.84,13.42,7.11,Combined,4000,80,960,2022
37043,North Carolina,Clay,"Clay County, North Carolina",,,,3.96,53.09,3.23,11.14,10.45,10.85,10.94,14.08,11.59,19.52,3.95,4.25,54.8,8.24,1.43,10.94,7,0.28,2.46,8.31,3.77,7.28,10.74,10.56,14.77,13.18,18.44,10.21,Combined,4000,80,960,2022
37045,North Carolina,Cleveland,"Cleveland County, North Carolina",,,,6.42,42.09,7.16,5.99,10.57,10.95,14.81,16.35,12.35,13.12,4.74,3.97,41.23,5.2,2.01,19.29,15.7,3.23,1.91,3.25,3.6,4.49,9.09,13.95,18.04,14.4,16.77,11.28,Combined,4000,80,960,2022
37059,North Carolina,Davie,"Davie County, North Carolina",,,,4.56,41.11,3.84,2.99,7.22,6.67,14.6,18.79,12.05,18.85,8.04,6.95,40.5,5.51,1.73,10.85,10.4,0.91,0.9,2.18,2.42,3.84,5.44,13.65,19.64,13.22,21.11,16.69,Combined,4000,80,960,2022
37067,North Carolina,Forsyth,"Forsyth County, North Carolina",,,,5.58,38.3,6.07,4.6,8.83,10.03,12.25,16.96,12.76,14.9,6.43,7.17,32.46,4.63,1.52,12.88,12.6,1.81,1.53,2.16,2.4,3.42,7.64,10.34,17.07,14.32,19.82,19.5,Combined,4000,80,960,2022
37075,North Carolina,Graham,"Graham County, North Carolina",,,,7.66,48.52,7.61,3.84,9.85,10.38,21.74,19.38,8.62,10.63,6.32,1.64,43.06,10.19,0.44,12.96,8.7,3.23,1.89,2.28,6.18,2.2,9.72,23.38,19.56,9.72,12.95,8.89,Combined,4000,80,960,2022
37087,North Carolina,Haywood,"Haywood County, North Carolina",,,,3.52,44.47,4.73,5.31,10.51,11.17,13.66,15.37,12.45,17.31,3.82,5.68,45.06,6.13,1.76,11.59,9.3,2.42,1.6,2.01,4.3,4.1,10.04,13.45,16.97,13.66,19.27,12.19,Combined,4000,80,960,2022
37089,North Carolina,Henderson,"Henderson County, North Carolina",,,,3.53,42,5.05,3.43,7.47,9.75,12.59,18.25,14.39,16.37,6.44,6.27,43.47,3.7,2.21,8.16,9.1,2.32,1.66,2.27,3.27,3.21,7.54,10.45,17.89,15.93,19.46,15.99,Combined,4000,80,960,2022
37099,North Carolina,Jackson,"Jackson County, North Carolina",,,,5.95,43.8,5.76,8.52,8.94,9.82,15.62,17.78,12.71,12.67,3.83,4.34,39.88,3.81,1.43,10.06,12.6,1.28,0.75,5.27,4.38,2.89,7.7,14.02,18.97,14.74,18.21,11.78,Combined,4000,80,960,2022
37111,North Carolina,McDowell,"McDowell County, North Carolina",,,,5.52,46.15,5.35,5.42,8.56,12,16.18,18.89,13.12,12.6,4.6,3.28,42.27,6.77,1.77,17.17,11.1,1.88,2.22,2.71,5.15,3.06,10.05,15.39,20.3,13.84,15.38,10,Combined,4000,80,960,2022
37113,North Carolina,Macon,"Macon County, North Carolina",,,,3.46,48,5.98,7.1,11.97,10.36,13.82,17.99,12.27,11.53,4.57,4.4,47.29,5.37,1.44,9.6,10.8,2.42,1.93,5.8,4.32,5.39,10.29,12.91,18.89,13.62,13.75,10.67,Combined,4000,80,960,2022
37115,North Carolina,Madison,"Madison County, North Carolina",,,,1.72,45.58,6.48,6.87,10.03,10.7,11.53,13.57,14.7,14.12,5.93,6.07,44,3.95,0.9,12.42,7,2.27,1.76,3.99,3.31,5.16,10.85,9.2,15.32,16.2,17.03,14.9,Combined,4000,80,960,2022
37121,North Carolina,Mitchell,"Mitchell County, North Carolina",,,,6.35,44.85,6.59,7.22,10.05,8.78,14,18.07,14.72,11.98,5.48,3.1,46.81,6.02,1.74,14.34,8.4,2.47,2.64,5.48,3.65,5.67,6.84,13.33,19.35,15.95,14.67,9.97,Combined,4000,80,960,2022
37149,North Carolina,Polk,"Polk County, North Carolina",,,,4.26,46.76,5.12,5.18,8.89,10.91,11.44,18.7,13.92,14.47,5.34,6.04,51.35,3.41,2.89,9.03,7.9,2.94,1.44,3.5,4.77,3.92,7.65,11.76,19.01,14.49,17.12,13.4,Combined,4000,80,960,2022
37161,North Carolina,Rutherford,"Rutherford County, North Carolina",,,,5.98,46.7,5.61,6.52,11.79,11.57,14.12,18.97,11.53,11.64,4.14,4.12,43.72,6.42,2.22,18.64,14.5,2.65,1.44,4.44,4.66,4.95,10.41,14.83,19.67,12.72,13.68,10.54,Combined,4000,80,960,2022
37169,North Carolina,Stokes,"Stokes County, North Carolina",,,,5.34,44.51,3.63,5.87,9.35,8.93,14.92,20.59,15.35,13.24,5.13,2.99,40.64,5.11,3.76,13.34,9.7,1.52,1.18,4.48,3.06,3.69,8.03,12.75,23.11,16.5,15.78,9.9,Combined,4000,80,960,2022
37171,North Carolina,Surry,"Surry County, North Carolina",,,,4.85,42.55,6.42,7.44,11.78,11.21,11.37,14.62,14.67,14.96,4.13,3.42,41.49,6.63,2.17,17.55,14,2.63,2.03,4.89,4.15,4.79,10.62,10.87,14.09,17.37,18.59,9.96,Combined,4000,80,960,2022
37173,North Carolina,Swain,"Swain County, North Carolina",,,,7.51,44.82,6.12,7.51,12.51,8.41,13.42,13.55,11.79,17.22,6.25,3.22,40.76,7.67,2.99,13.78,17,3.85,0.29,4.09,5.13,6.02,9.21,11.97,14.2,12.91,20.82,11.51,Combined,4000,80,960,2022
37175,North Carolina,Transylvania,"Transylvania County, North Carolina",,,,3.98,48.16,5.9,4.35,7.45,8.97,15.27,17.43,12.99,15.56,6.14,5.94,50.18,4.06,1.54,10.26,9.1,1.4,2.93,1.5,2.68,2.22,9.01,13.25,17.6,14.42,19.58,15.4,Combined,4000,80,960,2022
37189,North Carolina,Watauga,"Watauga County, North Carolina",,,,9.33,40.24,10.78,5.5,10.05,9.78,13.88,14.26,11.55,13.16,5.4,5.65,31.26,2.46,1.14,6.42,7,2.57,2.34,1.08,6.47,2.24,6.66,12.47,17.06,14.22,18.14,16.76,Combined,4000,80,960,2022
37193,North Carolina,Wilkes,"Wilkes County, North Carolina",,,,5.97,43.97,5.06,6.12,11.61,11.19,16.73,18.97,12.59,11.7,3.86,2.17,45.16,6.29,1.66,15.4,14.6,2.02,1.65,4.41,4.5,4.48,9.42,16.51,19.84,14.87,14.51,7.79,Combined,4000,80,960,2022
37197,North Carolina,Yadkin,"Yadkin County, North Carolina",,,,5.24,41.33,4.38,2.96,12.52,10.51,14.84,17,13.95,12.53,5.65,5.66,41.78,6.19,1.8,12.14,11.9,1.73,0.64,1.26,4.9,4.95,8.8,14.51,17.86,16.82,14.73,13.8,Combined,4000,80,960,2022
37199,North Carolina,Yancey,"Yancey County, North Carolina",,,,7.58,46.21,8.61,5.83,9.02,9.2,15.03,18.22,10.89,14.75,4.56,3.89,47.33,4.96,2.77,11.78,10.8,2.87,3.91,4.09,3.25,3.8,8.89,15.43,18.27,11.52,17.19,10.78,Combined,4000,80,960,2022
39001,Ohio,Adams,"Adams County, Ohio",,,,5.78,48.99,7.59,7.06,13.52,12.09,12.11,14.8,11.91,13.64,3.42,3.86,40.38,8.08,3.9,20.13,16.4,3.25,0.95,3.64,7.22,4.37,9.21,14.3,15.44,13.31,18.31,9.98,Combined,4000,80,960,2022
39007,Ohio,Ashtabula,"Ashtabula County, Ohio",,,,7.59,42.12,5.91,5.89,10.91,9.77,14.94,18.46,12.9,13.03,4.88,3.31,38.77,6.14,2.29,17.06,14.8,1.9,1.73,2.79,3.47,4.93,7.8,15.23,19.44,15.08,16.97,10.65,Combined,4000,80,960,2022
39009,Ohio,Athens,"Athens County, Ohio",,,,5.7,43.71,10.39,7.11,11.69,9.35,12.23,14.78,12.04,13.53,4.51,4.38,27.08,8.25,2.74,14.79,11.2,3.5,1.44,1.87,3.74,3.16,9.37,13.03,15.95,14.7,19.7,13.55,Combined,4000,80,960,2022
39013,Ohio,Belmont,"Belmont County, Ohio",,,,6.04,45.73,5.79,5.48,7.68,10.94,13.68,19.24,13.83,14.58,4.6,4.18,39.29,9.39,2.13,13.73,10.9,1.27,1.91,2.58,1.95,3.64,9.24,13.99,20.79,15.74,17.77,11.13,Combined,4000,80,960,2022
39015,Ohio,Brown,"Brown County, Ohio",,,,4.38,42.98,4.05,7.56,9.84,6.92,10.7,17.21,16.06,18.66,3.82,5.18,37.55,8.49,2,15.7,12.8,1.27,1.06,4,3.16,3.31,6.15,10.97,18.86,17.06,23.14,11.01,Combined,4000,80,960,2022
39019,Ohio,Carroll,"Carroll County, Ohio",,,,3.92,43.67,4.63,3.62,9.31,8.3,14.48,21.87,12.74,15.56,4.5,4.98,36.95,7.33,1.92,11.85,10.3,1.67,0.63,2.12,2.99,2.96,6.31,14.16,25.14,13.88,18.37,11.78,Combined,4000,80,960,2022
39025,Ohio,Clermont,"Clermont County, Ohio",,,,4.12,34.8,3.3,3.09,7.02,7.08,9.47,16.74,15,18.54,9.85,9.9,32.55,5.72,1.92,7.36,5.6,1.37,0.73,1.47,2.1,2.83,4.89,8.33,15.49,14.99,22.66,25.15,Combined,4000,80,960,2022
39029,Ohio,Columbiana,"Columbiana County, Ohio",,,,4.91,41.95,5.05,4.7,10.97,10.68,13.98,17.33,14.63,14.05,5.75,2.86,36.93,7.33,2.14,14.34,10.4,2.31,1.21,2.47,3.26,4.41,9.72,12.09,18.03,17.38,17.72,11.39,Combined,4000,80,960,2022
39031,Ohio,Coshocton,"Coshocton County, Ohio",,,,6.12,42.89,7.27,5.89,9.77,11.05,14.01,17.36,14.12,13.37,4.72,2.45,36.71,6.75,2.73,18.11,15.4,2.96,0.67,2.19,4.24,4.07,10.22,13.84,19.33,16.72,16.15,9.6,Combined,4000,80,960,2022
39053,Ohio,Gallia,"Gallia County, Ohio",,,,4.1,47.33,6.18,6.15,8.74,10.27,13.83,19.68,10.09,16.39,4.56,4.11,41.65,6.81,1.65,16.54,13.7,1.85,1.96,4.5,4.48,3.29,8.58,13.51,21.17,12.02,18.06,10.59,Combined,4000,80,960,2022
39059,Ohio,Guernsey,"Guernsey County, Ohio",,,,4.56,43.32,6.5,4.36,10.23,11.02,14.74,19.34,13.67,12.97,4.05,3.12,35.95,7.43,3.08,16.88,13.9,1.53,2.27,2.05,3.01,3.91,9.75,14.99,21.75,16,15.18,9.56,Combined,4000,80,960,2022
39067,Ohio,Harrison,"Harrison County, Ohio",,,,4.5,49.62,5.48,6.1,10.4,10.71,14.86,16.99,13.97,14.28,3.59,3.62,39.92,7.86,1.93,13.95,11.7,2.26,0.98,4.44,4.55,6.5,8.27,14.19,17.68,15.97,15.97,9.2,Combined,4000,80,960,2022
39071,Ohio,Highland,"Highland County, Ohio",,,,4.37,41.66,4.76,5.05,9.83,8.63,13.17,21.83,12.11,17.8,4.83,1.98,37.94,8.03,3.39,16.54,11.4,1.58,1.45,2.99,3.85,2.54,7.28,11.92,22.6,15.27,22.39,8.14,Combined,4000,80,960,2022
39073,Ohio,Hocking,"Hocking County, Ohio",,,,4.71,41.27,5.25,4.2,9.68,9.97,12.75,16.73,15.47,19.04,4.05,2.85,34.87,8.05,2.67,17.47,12.4,2.38,0.31,2.2,3.25,4.42,8.47,10.9,18.61,17.84,22.95,8.66,Combined,4000,80,960,2022
39075,Ohio,Holmes,"Holmes County, Ohio",,,,1.98,35.04,3.81,2.56,5.73,7.82,9.73,21.96,14.23,17.82,9.03,7.31,23.16,3.19,1.69,3.57,7.6,1.2,1.09,1.51,1.78,2.01,5.75,9.66,21.95,14.61,20.04,20.4,Combined,4000,80,960,2022
39079,Ohio,Jackson,"Jackson County, Ohio",,,,5.91,43.33,6.6,5.18,10.66,8.66,12.97,21.06,13.17,13.67,3.88,4.16,36.08,7.34,3,17.84,12.7,2.54,2.04,3.5,4.32,3.13,6.38,13.22,22.29,15.29,16.64,10.66,Combined,4000,80,960,2022
39081,Ohio,Jefferson,"Jefferson County, Ohio",,,,5.55,45.29,7.41,5.44,10.94,10.54,12.58,19.2,11.99,14.49,4.09,3.33,39.19,7.21,1.85,15.74,14.7,2.26,1.64,2.44,3.55,5.01,9.79,12.07,21.11,14.82,17.79,9.53,Combined,4000,80,960,2022
39087,Ohio,Lawrence,"Lawrence County, Ohio",,,,3.79,47.28,5.33,6.6,11.72,8.79,16.03,19.03,13.23,11.7,3.87,3.72,39.93,9.74,3.18,20.83,14.2,2.79,1.96,3.96,5.66,3.58,7.88,15.89,18.77,15.02,14.27,10.22,Combined,4000,80,960,2022
39099,Ohio,Mahoning,"Mahoning County, Ohio",,,,7.21,40.3,7.22,5.95,9.14,10.13,14.09,17.43,11.73,14.65,5.18,4.46,38.01,7,3.13,17.59,14.6,2.81,1.88,3.09,3.02,3.66,7.88,12.96,18.42,14.38,19.07,12.83,Combined,4000,80,960,2022
39105,Ohio,Meigs,"Meigs County, Ohio",,,,6.37,50.46,7.22,6.72,12.28,13.27,14.64,14.57,11.79,12.29,5.06,2.15,42.81,11.07,2.16,24.07,14.4,5.14,1.27,3.24,4.59,5.14,11.86,14.8,17.2,13.14,14.69,8.93,Combined,4000,80,960,2022
39111,Ohio,Monroe,"Monroe County, Ohio",,,,5.46,47.9,5.97,3.93,10.08,12.29,13.62,17.4,15.43,11.11,5.83,4.34,40.06,7.21,3.16,14.93,10.9,2.58,2.2,1.84,3.85,3.79,10.91,14.1,19.5,16.41,12.77,12.06,Combined,4000,80,960,2022
39115,Ohio,Morgan,"Morgan County, Ohio",,,,4.93,48.93,6.63,7.11,11.86,8.84,14.8,22.72,10.75,11.63,3.31,2.37,41.03,6.86,2.76,19.11,12.7,3.27,1.38,4.49,4.35,4.51,8.09,16.77,23.16,12.51,14.78,6.67,Combined,4000,80,960,2022
39119,Ohio,Muskingum,"Muskingum County, Ohio",,,,4.62,39.77,5.25,5.9,10.51,9.56,13.31,17.38,13.57,13.8,6.61,4.11,36.66,6.61,2.74,19,12.1,2.1,0.77,3.38,3.06,4.15,7.39,12.33,19.04,15.26,18.15,14.38,Combined,4000,80,960,2022
39121,Ohio,Noble,"Noble County, Ohio",,,,4.53,62.58,4.27,9.53,9.24,13.73,12.15,18.39,9.22,13.27,6.03,4.18,55.53,3.26,1.56,9.2,11.9,1.88,0.86,9.82,4.69,2.9,12.31,12.53,20.12,9.08,14.82,11.01,Combined,4000,80,960,2022
39127,Ohio,Perry,"Perry County, Ohio",,,,4.9,43.62,6.21,6.07,8.6,7.78,12.62,17.81,16.21,13.4,6.62,4.67,38.13,9.18,3.93,17.96,11,2.6,1.25,2.6,3.01,3.75,7.22,12.92,18.72,18.15,16.17,13.61,Combined,4000,80,960,2022
39131,Ohio,Pike,"Pike County, Ohio",,,,5.16,49.58,8.19,8.25,10.12,9.08,13.63,15.03,12.42,14.27,6.09,2.93,37.64,12.23,2.56,24.05,16.9,1.93,2.79,5.57,3.86,4.79,8.11,12.99,16.3,12.32,19.32,12,Combined,4000,80,960,2022
39141,Ohio,Ross,"Ross County, Ohio",,,,5.73,46.19,5.92,5.31,9.36,11.82,11.66,16.08,13.56,17.95,4.38,3.98,35.8,8.26,2.77,17.55,12.8,1.23,1.1,2.57,2.95,4.74,10.15,10.95,16.28,15.98,22.8,11.26,Combined,4000,80,960,2022
39145,Ohio,Scioto,"Scioto County, Ohio",,,,7.51,51.68,6.9,10.04,13.74,9.69,12.67,15.68,11.15,12.73,4.05,3.36,41.38,10.92,3.2,25.68,19.6,2.47,1.32,6.73,4.08,6.02,8.69,12.58,17.41,14.38,15.64,10.67,Combined,4000,80,960,2022
39155,Ohio,Trumbull,"Trumbull County, Ohio",,,,4.82,45.1,6.59,5.97,9.9,10.14,14.38,18.82,12.78,13.49,4.37,3.56,40.13,7.37,2.46,13.53,14.7,2.5,1.63,3.43,3.14,3.95,8.06,14.21,20.57,15.33,16.72,10.46,Combined,4000,80,960,2022
39157,Ohio,Tuscarawas,"Tuscarawas County, Ohio",,,,5.49,38.32,4.72,3.94,8.71,10.13,12.95,18.98,15.3,16.19,5.22,3.86,36.04,5.8,2.01,13.6,9.4,2.08,1.91,1.62,2.81,2.81,7.22,12.03,19.85,16.38,20.68,12.6,Combined,4000,80,960,2022
39163,Ohio,Vinton,"Vinton County, Ohio",,,,3.61,49.07,6.99,6.07,8.72,6.66,20.51,17.18,10.03,14.03,8.7,1.1,41.32,10.76,3.74,22.88,15.2,3.55,1.79,2.52,3.63,3.23,4.36,21.52,17.29,12.69,17.52,11.9,Combined,4000,80,960,2022
39167,Ohio,Washington,"Washington County, Ohio",,,,5.24,42.19,4.59,5.17,10.59,10.69,13.07,15.82,15.81,14.7,5.56,4,38.45,7.29,1.55,12.22,11.1,1.91,1.15,3.08,4.08,3.79,8.28,12.56,17.45,17.83,17.6,12.26,Combined,4000,80,960,2022
42003,Pennsylvania,Allegheny,"Allegheny County, Pennsylvania",,,,4.95,35.19,5.36,4.14,7.25,7.57,11.08,15.99,12.29,16.66,8.89,10.76,33.65,4.98,3.34,12.3,7.4,1.55,0.99,2.12,2.48,2.28,5.45,9.3,15.35,13.4,20.37,26.7,Combined,4000,80,960,2022
42005,Pennsylvania,Armstrong,"Armstrong County, Pennsylvania",,,,5.08,41.83,3.6,4.51,9.3,9.45,12.96,19.17,14.56,15.72,6.43,4.3,41.85,6.28,3.58,14.7,7,1.47,1.23,2.41,3,4.37,8.59,11.97,19.48,16.29,18.26,12.93,Combined,4000,80,960,2022
42007,Pennsylvania,Beaver,"Beaver County, Pennsylvania",,,,5.6,38.82,4.59,3.82,8.84,8.26,11.98,17.85,13.38,17.53,8,5.74,40.78,6.17,3.11,13.76,7.6,1.46,1.01,1.84,2.89,3.61,6.62,10.62,18.52,15.23,20.85,17.36,Combined,4000,80,960,2022
42009,Pennsylvania,Bedford,"Bedford County, Pennsylvania",,,,4.27,41.54,3.56,5.43,12.01,9.84,13.07,17.61,13.95,15.98,4.77,3.8,44.59,3.87,2.2,13.12,7.7,1.61,1.07,2.67,5.01,4.52,9.42,13.43,18.24,15.03,18.74,10.26,Combined,4000,80,960,2022
42013,Pennsylvania,Blair,"Blair County, Pennsylvania",,,,4.18,40.5,4.99,4.91,9.41,9.25,13.38,17.31,13.97,16.4,5.82,4.57,39.67,5.49,3.98,16.5,9.5,1.76,1.31,2.52,3.47,2.82,7.78,11.73,18.27,16.31,20.6,13.44,Combined,4000,80,960,2022
42015,Pennsylvania,Bradford,"Bradford County, Pennsylvania",,,,4.79,43.97,3.99,4.39,8.66,9.87,14.65,16.46,14.57,16.9,6.22,4.29,41.34,5.35,3,12.29,10.5,1.97,1.03,3.08,2.64,3.62,8.17,13.23,16.53,16.22,20.38,13.14,Combined,4000,80,960,2022
42019,Pennsylvania,Butler,"Butler County, Pennsylvania",,,,4.65,37.07,3.68,2.92,7.13,7.22,8.99,16.34,12.08,19.98,9.89,11.77,36.04,3.96,1.73,8.93,4.9,1.67,1.05,1.33,2.21,2.53,5.74,7.92,14.95,12.94,22.73,26.94,Combined,4000,80,960,2022
42021,Pennsylvania,Cambria,"Cambria County, Pennsylvania",,,,4.95,45.23,5.83,5.7,9.97,10.65,14.09,17.55,12.95,14.93,4.77,3.56,44.27,5.9,3.72,18.16,10.5,1.78,1.32,2.75,4.24,4.08,9.17,13.18,19.21,15.55,18.16,10.56,Combined,4000,80,960,2022
42023,Pennsylvania,Cameron,"Cameron County, Pennsylvania",,,,7.13,48.99,4.71,6.97,14.98,11.76,16.88,19.1,12.4,9.41,1.95,1.86,49.95,6.97,4.66,24.89,11,0.63,1.46,5.14,4.95,4.44,10.34,18.01,20.74,17.12,11.86,5.33,Combined,4000,80,960,2022
42025,Pennsylvania,Carbon,"Carbon County, Pennsylvania",,,,6.92,38.97,4.03,4.64,8.08,9.16,13.32,18.48,13.28,17.91,6.41,4.7,42.05,5.93,1.97,13.94,8.9,2.05,0.99,3.46,2.77,3.44,7.76,12.07,19.97,13.74,20.13,13.62,Combined,4000,80,960,2022
42027,Pennsylvania,Centre,"Centre County, Pennsylvania",,,,3.97,43.54,7.3,3.53,7.73,7.66,11.41,15.08,11.88,17.46,8.4,9.55,28.54,3.74,2.01,7.3,5.3,1.45,0.7,1.01,1.8,2.41,5.24,8.84,15.37,13.85,23.26,26.09,Combined,4000,80,960,2022
42031,Pennsylvania,Clarion,"Clarion County, Pennsylvania",,,,5.55,41.05,4.58,5.61,9.96,10.18,12.17,18.31,13.22,16.19,5.12,4.67,39.28,6.26,3.32,15.45,8,1.65,1.21,2.13,3.17,3.68,8.89,12.15,18.77,15.05,20.42,12.88,Combined,4000,80,960,2022
42033,Pennsylvania,Clearfield,"Clearfield County, Pennsylvania",,,,6.02,44.56,4.65,5.2,10.61,9.87,12.97,21.2,13.65,14.38,4.42,3.07,41.37,7.48,4.41,19.18,11.1,1.22,1.74,3.58,3.75,4.23,8.37,13.22,22.22,15.1,17.35,9.22,Combined,4000,80,960,2022
42035,Pennsylvania,Clinton,"Clinton County, Pennsylvania",,,,5.35,40.36,5.04,4.99,9.85,9.64,12.42,18.46,14.3,15.97,6.08,3.25,39.71,7.15,3.23,14.83,8.4,1.4,1.78,2.25,4.11,3.59,7.82,11.68,20.58,15.05,19.05,12.68,Combined,4000,80,960,2022
42037,Pennsylvania,Columbia,"Columbia County, Pennsylvania",,,,4.76,42.17,6,4.98,9.86,7.9,14.07,18.39,12.71,15.42,5.84,4.83,38.03,4.67,2.44,10.36,9.3,1.66,1.18,2.71,3.86,4.26,6.8,12.16,19.19,13.78,19.79,14.6,Combined,4000,80,960,2022
42039,Pennsylvania,Crawford,"Crawford County, Pennsylvania",,,,5.64,44.22,3.71,5.11,9.73,10.73,13.27,19.64,14.14,15.01,5.13,3.52,42.01,9,3.12,16.67,9.8,1.7,1.24,2.5,3.31,3.35,9.43,12.81,20.14,16.74,17.83,10.93,Combined,4000,80,960,2022
42047,Pennsylvania,Elk,"Elk County, Pennsylvania",,,,6.5,37.7,3.67,3.34,10.17,9.26,14.77,18.46,17.44,14.16,5.19,3.54,41.89,5.7,2.57,14.05,5.6,1.54,0.56,1.16,2.42,4.22,8.6,13.68,19.38,20.63,17.03,10.79,Combined,4000,80,960,2022
42049,Pennsylvania,Erie,"Erie County, Pennsylvania",,,,5.47,40.25,5.77,5.02,9.82,9.58,12.45,17.44,13.27,15.07,6.03,5.54,36.43,7.72,3.75,18.25,11.7,1.82,1.34,2.24,2.14,3.45,7.45,11.58,18.9,15.69,19.73,15.65,Combined,4000,80,960,2022
42051,Pennsylvania,Fayette,"Fayette County, Pennsylvania",,,,7.21,45.18,6.5,7.03,9.67,10.04,12.6,16.75,12.62,15.12,5.64,4.04,41.58,9.13,4.83,22.71,11.5,2.26,1.51,4.33,3.81,4.33,8.92,12.55,17.43,14.52,18.22,12.11,Combined,4000,80,960,2022
42053,Pennsylvania,Forest,"Forest County, Pennsylvania",,,,4.29,73.02,7.54,4.88,12.09,13.5,15.89,22.56,10.36,8.35,3.85,0.98,62.91,5.53,0.87,15.78,14.9,2.21,4.43,4.04,6.51,4.82,11.59,15.89,24.09,11.78,9.11,5.53,Combined,4000,80,960,2022
42057,Pennsylvania,Fulton,"Fulton County, Pennsylvania",,,,3.7,40.86,4.18,5.37,8.55,9.57,11.8,18.09,13.91,18.89,6.94,2.71,42.74,4.8,3.36,14.25,8.3,1.59,1.12,3.69,3.01,5.25,7.92,11.04,18.35,14.72,21.63,11.67,Combined,4000,80,960,2022
42059,Pennsylvania,Greene,"Greene County, Pennsylvania",,,,5.17,49.73,4.95,4.75,10.02,8.71,11.3,16.28,14.34,19.09,6.1,4.46,41.19,7.09,3.74,19.05,10.4,3.34,1.42,2.99,3.05,5.79,6.79,9.68,16.35,16.05,21.42,13.12,Combined,4000,80,960,2022
42061,Pennsylvania,Huntingdon,"Huntingdon County, Pennsylvania",,,,5.09,48.11,4.43,4.39,9.77,8.34,13.7,18.08,15.42,15.73,5.57,4.57,44.37,6.61,2.88,13.27,8.9,1.72,0.97,2.65,3.59,3.93,7.6,13.32,19.52,15.96,18.38,12.36,Combined,4000,80,960,2022
42063,Pennsylvania,Indiana,"Indiana County, Pennsylvania",,,,6.46,44.43,5.3,5.1,10.86,9.86,13.93,16.4,13.11,15.07,6.75,3.62,39.42,6.61,3.49,13.83,7.5,1.97,1.15,3.02,3.07,4.32,8.51,13.2,17.75,15.67,17.68,13.66,Combined,4000,80,960,2022
42065,Pennsylvania,Jefferson,"Jefferson County, Pennsylvania",,,,5.37,41.63,4.92,4.68,10,10.72,14.62,20.46,12.49,14.24,3.95,3.92,41.21,5.74,2.89,14.15,11.6,1.83,1.15,2.76,3.79,3.59,9.28,14.29,21.59,14.17,17.41,10.14,Combined,4000,80,960,2022
42067,Pennsylvania,Juniata,"Juniata County, Pennsylvania",,,,3.13,40.92,3.22,3.76,9.08,7.12,16.85,17.34,15.91,16.03,6.91,3.77,38.03,5.33,1.65,11.07,6.6,1.25,0.73,1.35,2.57,3.67,6.59,14.12,17.34,19.49,18.96,13.95,Combined,4000,80,960,2022
42069,Pennsylvania,Lackawanna,"Lackawanna County, Pennsylvania",,,,4.82,39.41,4.66,5.1,9.35,8.53,12.17,17.61,12.91,16.21,7.22,6.25,38.37,5.84,3.67,16.68,9.9,1.67,0.76,2.3,2.72,3.29,6.88,10.48,17.4,14.64,21.01,18.85,Combined,4000,80,960,2022
42073,Pennsylvania,Lawrence,"Lawrence County, Pennsylvania",,,,6.78,41.25,4.6,4.81,10.42,9.92,14.62,17.02,13.17,15.8,5.53,4.11,42.95,6.59,3.94,19.71,8.9,1.43,1.22,1.85,3.33,3.55,9.42,14.4,18.28,15.08,19.11,12.32,Combined,4000,80,960,2022
42079,Pennsylvania,Luzerne,"Luzerne County, Pennsylvania",,,,5.86,38.99,5.8,5.28,8.4,9.99,12.45,16.96,13.97,15.46,6.42,5.27,38.2,5.53,3.88,18.89,12.3,1.82,1.07,2.76,3.3,3.33,7.66,11.29,17.44,15.79,19.58,15.96,Combined,4000,80,960,2022
42081,Pennsylvania,Lycoming,"Lycoming County, Pennsylvania",,,,5.31,40.65,4.66,4.09,8.61,9.09,12.49,19.77,14.54,16.17,6.2,4.36,38.94,5.88,3.4,14.65,9.2,1.31,0.99,1.71,3.47,3.32,6.49,10.05,20.39,17,20.88,14.4,Combined,4000,80,960,2022
42083,Pennsylvania,McKean,"McKean County, Pennsylvania",,,,5.28,44.65,5.17,5.07,10.84,9.89,11.57,19.86,14.16,14.51,5.01,3.92,40.07,8.62,4.23,16.5,11,2.29,1.19,2.18,4.16,4.62,9.18,11.75,20.83,15.99,17.45,10.35,Combined,4000,80,960,2022
42085,Pennsylvania,Mercer,"Mercer County, Pennsylvania",,,,5.48,45.02,5.11,5.26,10.29,10.5,12.7,17.67,12.69,15.93,5.92,3.91,41.78,7.96,3.75,17.03,11,1.65,1.12,1.86,3.03,4,9.39,12.1,19.12,14.76,19.94,13.02,Combined,4000,80,960,2022
42087,Pennsylvania,Mifflin,"Mifflin County, Pennsylvania",,,,3.91,40.11,3.22,4.33,11.03,9.32,14.52,21.81,14.02,15.45,3.79,2.51,41.37,6.5,3.2,15.67,14.7,0.92,1.04,2.08,3.81,3.93,7.72,13.92,23.43,16.58,18.36,8.2,Combined,4000,80,960,2022
42089,Pennsylvania,Monroe,"Monroe County, Pennsylvania",,,,6.31,39.44,4.34,3.03,6.68,6.68,10.28,15.82,13.86,21.1,10.22,8,38.6,6.42,3.2,13.77,9.2,2.42,1.11,2.19,2.36,2.78,5.08,9.27,14.03,14.64,24.28,21.84,Combined,4000,80,960,2022
42093,Pennsylvania,Montour,"Montour County, Pennsylvania",,,,2.4,39.87,5.12,2.57,9.34,7.22,12.73,14.62,13.17,17.65,8.53,9.05,34.04,3.28,1.41,8.49,6.6,2.02,0.73,1.6,1.41,3.32,5.29,12.19,15.69,13.66,20.85,23.24,Combined,4000,80,960,2022
42097,Pennsylvania,Northumberland,"Northumberland County, Pennsylvania",,,,4.74,42.46,4.5,4.56,11.55,10.77,13.41,17.11,12.93,15.03,6.38,3.77,41.69,6.18,3.33,14.42,9.4,1.61,1.27,2.55,3.45,4.6,9.43,12.35,17.73,14.59,19.12,13.3,Combined,4000,80,960,2022
42099,Pennsylvania,Perry,"Perry County, Pennsylvania",,,,3.39,38,3.02,3.46,6.48,6.94,12.2,17.15,15.4,20.69,8.59,6.07,40.06,5.54,1.99,9.76,6.1,1.19,0.85,1.84,1.82,2.24,5.91,11.1,17.14,16.49,23.76,17.68,Combined,4000,80,960,2022
42103,Pennsylvania,Pike,"Pike County, Pennsylvania",,,,8.5,42.74,3.54,2.99,8,6.46,10.09,18.13,15.14,18.03,8.85,8.77,42.75,5.08,3.23,12.18,7.6,1.85,0.65,2.34,3.48,3.78,5.34,9.86,17.48,16.02,19.58,19.61,Combined,4000,80,960,2022
42105,Pennsylvania,Potter,"Potter County, Pennsylvania",,,,4.84,46.76,3.59,5.43,9.16,11.28,15.25,20.29,14,13.48,4.66,2.87,46.76,7.79,3.29,15,9.1,1.86,0.93,3.2,3.81,4.17,10.89,14.25,20.34,15.53,16.23,8.79,Combined,4000,80,960,2022
42107,Pennsylvania,Schuylkill,"Schuylkill County, Pennsylvania",,,,5.31,42.32,4.33,4.59,9.75,8.32,12.96,18.96,13.73,16.57,6.57,4.2,40.03,5.95,4.17,16.2,9,1.85,1.04,2.71,3.36,3.88,7.68,11.9,19.91,14.57,19.57,13.53,Combined,4000,80,960,2022
42109,Pennsylvania,Snyder,"Snyder County, Pennsylvania",,,,2.18,39.07,2.42,3.7,8.64,9.4,13.31,19.73,14.82,15.45,6.89,5.65,39.34,5.79,2.31,9.18,5.8,1.16,1.1,2.4,1.86,3.38,7.74,13.54,20.04,15.63,17.87,15.28,Combined,4000,80,960,2022
42111,Pennsylvania,Somerset,"Somerset County, Pennsylvania",,,,5.19,44.26,3.67,4.6,9.68,9.89,14.8,18.71,14.18,15.17,5.91,3.38,43.98,4.95,2.29,14.34,7.9,1.45,1.1,3.42,3.36,4.3,8.81,13.18,19.96,16.12,17.24,11.05,Combined,4000,80,960,2022
42113,Pennsylvania,Sullivan,"Sullivan County, Pennsylvania",,,,5.52,49.25,4.06,4.63,10.68,8.29,12.35,20.88,11.33,15.56,6.99,5.24,49.03,3.53,1.54,7.64,7.4,2.11,0.62,2.64,4.23,6.05,6.68,12.35,22.06,11.77,17.35,14.13,Combined,4000,80,960,2022
42115,Pennsylvania,Susquehanna,"Susquehanna County, Pennsylvania",,,,5.8,44.54,3.57,3.6,9.65,9.7,11.66,18.43,13.27,16.03,7.58,6.51,44.65,5.11,2.6,11.8,8.5,1.57,1.04,2.37,3.69,3.87,8.48,11.14,18.02,14.25,18.49,17.09,Combined,4000,80,960,2022
42117,Pennsylvania,Tioga,"Tioga County, Pennsylvania",,,,4.51,43.18,4.44,4.26,10.66,9.5,12.87,19.21,13.69,16.42,4.94,4.02,42.85,5.6,2.01,13.23,9.2,1.5,1.74,2.61,3.55,3.21,8.57,12.45,20.91,15.28,18.98,11.2,Combined,4000,80,960,2022
42119,Pennsylvania,Union,"Union County, Pennsylvania",,,,3.46,51.9,3.34,3.76,8.9,9.68,13.31,16.27,12.93,17.4,7.54,6.87,40.01,5,3.66,10.68,7.7,1.16,0.48,2.09,4.14,1.63,7.88,12.46,16.13,15.37,21,17.66,Combined,4000,80,960,2022
42121,Pennsylvania,Venango,"Venango County, Pennsylvania",,,,6.67,44.74,4.16,5.34,9.72,9.98,12.9,19.72,13.78,16.06,6.03,2.32,43.17,8.52,3.48,18.66,9.7,1.57,1.12,3.12,3.31,3.08,8.67,12.95,20.12,16.01,19.71,10.34,Combined,4000,80,960,2022
42123,Pennsylvania,Warren,"Warren County, Pennsylvania",,,,4.33,43.15,4.32,3.97,8.08,12.8,13.19,20.85,13.62,15.16,4.29,3.72,43.04,4.87,3.2,12.3,8.3,1.47,1.39,2.61,1.88,4.07,12.04,11.81,20.39,15.81,18.62,9.91,Combined,4000,80,960,2022
42125,Pennsylvania,Washington,"Washington County, Pennsylvania",,,,5.02,37.94,4.24,3.4,7.42,7.12,11.48,16.71,13.26,16.98,9.05,10.34,39.27,4.71,2.74,12.89,6.3,1.75,1.03,1.64,3.12,2.82,5.65,10.06,16.17,14.15,19.34,24.25,Combined,4000,80,960,2022
42127,Pennsylvania,Wayne,"Wayne County, Pennsylvania",,,,5.91,48.45,3.84,2.99,10.39,9.78,14,19.28,14.18,15.36,5.6,4.58,48.69,5.06,3.66,12.34,8.2,1.56,1.47,2.09,3.55,4.68,8.82,13.12,19.45,15.6,17.68,11.97,Combined,4000,80,960,2022
42129,Pennsylvania,Westmoreland,"Westmoreland County, Pennsylvania",,,,4.96,39.37,4.33,4,8.41,8.15,11.83,16.54,13.88,17.34,7.81,7.69,41.13,4.97,2.46,12.54,6.4,1.68,0.95,2.18,2.91,3.12,7.21,10.54,16.7,15.43,20.25,19.03,Combined,4000,80,960,2022
42131,Pennsylvania,Wyoming,"Wyoming County, Pennsylvania",,,,4.46,42.21,3.73,2.64,9.6,7.8,12.91,18.45,15.5,17.59,7.06,4.72,43.09,4.17,3.58,15.12,8.5,1.35,1.3,1.86,3.47,4.32,6.6,11.53,18.84,16.87,20.26,13.6,Combined,4000,80,960,2022
45007,South Carolina,Anderson,"Anderson County, South Carolina",,,,5.48,39.74,5.46,4.04,9.7,9.15,13.03,17.35,13.65,15.66,5.58,6.37,35.77,5.16,1.42,10.27,11.9,1.84,1.42,2.63,3.87,3.89,7.47,12.27,17.9,14.83,19.01,14.88,Combined,4000,80,960,2022
45021,South Carolina,Cherokee,"Cherokee County, South Carolina",,,,5.93,42.45,8.91,5.7,11.67,11.53,14.43,17.14,12.46,11.45,3.71,3,39.84,4.73,1.15,14.39,13.8,4.3,0.85,3.42,4.38,7.68,10.5,13,19.4,12.97,14.74,8.77,Combined,4000,80,960,2022
45045,South Carolina,Greenville,"Greenville County, South Carolina",,,,4.15,35.07,4.62,3.39,6.44,8.43,11.64,17.92,13.37,16.35,8.55,9.28,31.02,4.01,1.19,7.65,8.5,1.93,1.07,1.68,2.6,2.13,6.52,9.87,17.18,14.23,19.43,23.35,Combined,4000,80,960,2022
45073,South Carolina,Oconee,"Oconee County, South Carolina",,,,5.83,47.93,5.31,5.88,10.1,9.93,13.92,16.82,11.2,15.11,5.43,6.3,43.04,5.08,1,12.57,11.5,2.38,1.09,3.66,4,4.9,7.12,13.09,17.86,13.01,17.81,15.08,Combined,4000,80,960,2022
45077,South Carolina,Pickens,"Pickens County, South Carolina",,,,4.15,42.75,6.61,5.26,10.32,8.97,13.71,16.76,13.04,15.36,4.72,5.24,33.38,4.54,1.17,8.42,8.4,2.75,0.81,3.33,4.6,3.43,6.88,12.54,17.21,14.63,20.22,13.58,Combined,4000,80,960,2022
45083,South Carolina,Spartanburg,"Spartanburg County, South Carolina",,,,4.72,38.16,6.15,3.77,8.87,8.63,12.85,18.29,14.59,15.08,6.06,5.7,34.23,4.97,1.42,9.77,11.7,2.68,0.84,2.13,3.31,3.65,7.85,11.58,17.98,16.95,18.02,15.01,Combined,4000,80,960,2022
45087,South Carolina,Union,"Union County, South Carolina",,,,10.16,44.74,7.56,7.94,14.1,14.34,11.34,18.51,10.85,9.07,4.29,2,43.79,7.85,1.02,16.99,18.3,2.95,2.45,4.71,7.16,5.54,13.59,11.88,19.64,12.64,12.08,7.36,Combined,4000,80,960,2022
47001,Tennessee,Anderson,"Anderson County, Tennessee",,,,5.43,44.36,6.05,6.17,7.13,8.05,14.63,17.73,13.77,14.19,7.23,5.05,38.85,6.67,3.36,12.64,11.3,1.84,2.04,3.22,2.57,3.5,7.73,12.36,16.44,16.3,17.35,16.65,Combined,4000,80,960,2022
47007,Tennessee,Bledsoe,"Bledsoe County, Tennessee",,,,6.68,52.27,7.17,8.95,12,9.79,10.99,16.29,13.98,14.64,3.32,2.89,39.87,14.59,3.15,21.42,23.1,3.99,2.3,6.21,3.94,5.37,9.56,11.22,16.46,16.1,17.15,7.69,Combined,4000,80,960,2022
47009,Tennessee,Blount,"Blount County, Tennessee",,,,4.08,39.54,3.7,3.39,6.25,7.93,12.02,19.48,14.72,19.66,6.91,5.94,37.8,4.58,1.4,6.84,6,1.35,0.83,2.49,2.19,2.8,6.43,10.78,19.02,14.94,23.43,15.74,Combined,4000,80,960,2022
47011,Tennessee,Bradley,"Bradley County, Tennessee",,,,5.36,38.69,4.99,6.04,7.44,10.1,12.26,18.76,13.71,16.39,5.63,4.67,37.09,5.3,1.64,13.39,9.8,1.67,1.4,3.87,3.01,1.88,7.86,10.28,19.06,16.89,20.04,14.05,Combined,4000,80,960,2022
47013,Tennessee,Campbell,"Campbell County, Tennessee",,,,7.07,48.82,5.85,7.89,12.46,11.49,13.19,17.75,13.56,12.2,3.34,2.27,45.76,9.33,12.69,21.86,15.5,2.27,1.38,5.35,6.32,4.08,11.49,11.59,20.18,14.62,14.61,8.12,Combined,4000,80,960,2022
47015,Tennessee,Cannon,"Cannon County, Tennessee",,,,3.26,43.54,8.36,5.44,10.09,9.76,10.28,18.86,14.96,13.87,5.17,3.22,34.77,5.53,1.94,12.52,11.6,3.51,2.24,4.17,5.82,3.24,9.1,9.51,20.31,16.66,14.69,10.75,Combined,4000,80,960,2022
47019,Tennessee,Carter,"Carter County, Tennessee",,,,7.19,47.3,5.91,6.82,13.49,11.5,13.94,19.49,10.39,12.81,3.26,2.39,44.9,6.75,4.2,15.38,15.3,2.18,1.92,5.38,7.04,4.57,11.02,12.38,20.52,12.13,15.74,7.1,Combined,4000,80,960,2022
47025,Tennessee,Claiborne,"Claiborne County, Tennessee",,,,6.05,48.31,7.8,7.79,13.72,11.14,15.38,17.51,10.81,9.41,3.46,3,42.27,9.82,6.67,16.21,12.1,2.43,2.53,6.19,4.28,6.13,11.27,16.19,19.02,12.42,11.9,7.64,Combined,4000,80,960,2022
47027,Tennessee,Clay,"Clay County, Tennessee",,,,5.55,54.83,10.25,9.23,14.79,10.84,13.41,14.23,10.91,13.51,1.25,1.58,52.06,8.34,3.76,19.67,16.5,3.48,2.77,9.01,7.17,9.64,7.46,13.41,13.45,13.62,17.06,2.93,Combined,4000,80,960,2022
47029,Tennessee,Cocke,"Cocke County, Tennessee",,,,6.24,47.15,6.01,7.65,14.65,10.3,16.51,18.86,12.16,8.3,2.94,2.63,44.76,8.06,2.76,19.49,17,2.69,1.21,6.12,7.41,6.88,9.5,14.79,20.9,12.97,10.32,7.2,Combined,4000,80,960,2022
47031,Tennessee,Coffee,"Coffee County, Tennessee",,,,4.56,40.77,4.97,4.73,8.78,11.19,14.94,20.04,12.31,15.56,4.34,3.13,37.86,5.65,2.83,10.9,14.4,2.58,0.74,2.83,3.58,3.38,8.9,14.66,18.8,14.89,20.17,9.47,Combined,4000,80,960,2022
47035,Tennessee,Cumberland,"Cumberland County, Tennessee",,,,5.68,54.18,5.83,5.16,8.66,8.24,15.76,22,15.7,12.23,3.39,3.02,52.83,4.83,1.75,11.76,8.2,2.65,1.19,3.41,4.14,2.84,8.5,14.59,24.41,17.3,13.17,7.79,Combined,4000,80,960,2022
47041,Tennessee,DeKalb,"DeKalb County, Tennessee",,,,5.04,46.81,7.68,6.32,12.56,11.22,13.9,16.38,12.24,11.76,6.08,1.88,36.67,12.37,5.14,16.72,15.9,2.7,1.03,2.82,6.6,5.94,7.56,15.46,18.7,13.16,15.86,10.18,Combined,4000,80,960,2022
47049,Tennessee,Fentress,"Fentress County, Tennessee",,,,5.27,50.5,4.31,9.99,11.37,14.09,14.54,19.64,13.57,9.12,1.95,1.42,47.71,13.49,2.62,23.27,16.9,2.09,1.1,6.44,5.86,5.03,12.88,16.38,20.15,14.99,10.72,4.35,Combined,4000,80,960,2022
47051,Tennessee,Franklin,"Franklin County, Tennessee",,,,2.63,43.42,6.6,4.84,8.42,9.09,15.12,19.18,12.02,14.98,4.63,5.12,40.16,5.06,1.23,9.99,11.7,2.85,1.26,3.75,4.33,3.57,6.18,15.48,18.88,13.11,18.18,12.39,Combined,4000,80,960,2022
47057,Tennessee,Grainger,"Grainger County, Tennessee",,,,5.76,47.62,7.07,8.22,12.7,12.94,11.9,17.92,10.5,13.66,3.14,1.95,46.08,6.08,1.79,14.78,14.8,2.52,1.83,7.27,6.21,6.03,10.25,11.92,18.65,12.93,15.8,6.59,Combined,4000,80,960,2022
47059,Tennessee,Greene,"Greene County, Tennessee",,,,5.37,47.11,5.61,5.94,12.76,9.88,14.21,19.16,13.95,10.8,4.68,3,44.46,6.17,2.69,10.84,11.9,1.78,1.95,4.06,6,5.36,9.08,13.87,20.43,15.42,12.94,9.11,Combined,4000,80,960,2022
47061,Tennessee,Grundy,"Grundy County, Tennessee",,,,6.29,48.3,5.24,8.16,12.25,10.45,17.18,19.66,8.28,12.55,4.91,1.33,40.26,9.69,3.85,17.5,14.5,2.94,1.49,8.5,6.12,3.9,9.42,16.57,21.1,9.8,14.09,6.05,Combined,4000,80,960,2022
47063,Tennessee,Hamblen,"Hamblen County, Tennessee",,,,6.55,43.43,7.1,5.03,11.17,12.46,14.44,17.16,11.72,14.97,2.96,2.98,40.87,7.21,2.02,13.8,13.3,2.66,0.32,2.89,2.97,6.53,10.32,13.67,17.98,15.04,19.14,8.49,Combined,4000,80,960,2022
47065,Tennessee,Hamilton,"Hamilton County, Tennessee",,,,4.38,36.16,4.31,4.06,7.86,8.32,12.06,16.8,12.85,16.86,7.77,9.12,32.68,4.3,1.63,10.22,9.5,1.45,0.78,2.48,2.33,3.04,6.2,10.37,15.54,13.58,20.65,23.59,Combined,4000,80,960,2022
47067,Tennessee,Hancock,"Hancock County, Tennessee",,,,10.05,55.2,11.31,11.95,16.12,14.92,12.2,13.36,10.22,5.62,0.99,3.32,50.72,14.63,8.02,31.39,28.4,3.22,2.13,13.35,7.26,10.26,14.07,12.66,14.66,12.26,5.76,4.36,Combined,4000,80,960,2022
47073,Tennessee,Hawkins,"Hawkins County, Tennessee",,,,8.58,49.51,7.2,4.78,11.7,10.08,12.85,20.55,13.04,11.38,5.09,3.33,45.76,6.64,1.69,14.9,13.9,3.52,1.44,3.44,5.89,4.78,8.99,12.57,21.49,14.67,12.69,10.52,Combined,4000,80,960,2022
47087,Tennessee,Jackson,"Jackson County, Tennessee",,,,7.18,48.19,9.21,6.15,15.28,10.22,15.25,13.99,11.78,13.07,2.54,2.52,46.47,7.7,2.8,18.49,15.3,6.07,0.45,3.64,7.36,7.41,11.5,16.46,14.87,12.5,14.21,5.54,Combined,4000,80,960,2022
47089,Tennessee,Jefferson,"Jefferson County, Tennessee",,,,5.44,41.88,2.42,3.81,9.9,10.99,14.89,18.15,13.68,16.53,4.52,5.09,42.84,5.03,1.53,11.89,8.8,0.92,0.73,2.68,4.39,3.17,9.4,14.25,18.78,14.09,18.99,12.6,Combined,4000,80,960,2022
47091,Tennessee,Johnson,"Johnson County, Tennessee",,,,4.36,56.24,6.4,8.29,13.33,9.46,15.77,15.51,14.16,11.58,3.39,2.11,46.72,11.07,4.42,17.62,16.4,2.12,2,5,3.17,7.12,9.58,17.03,16.53,16.61,13.97,6.85,Combined,4000,80,960,2022
47093,Tennessee,Knox,"Knox County, Tennessee",,,,3.81,35.82,5.1,4.18,7.71,8.47,11.72,17,13.01,16.85,7.24,8.71,29.51,4.08,2.07,9.53,8,1.44,0.67,2.14,2.31,3.05,6.22,9.86,16.42,14.46,20.91,22.51,Combined,4000,80,960,2022
47099,Tennessee,Lawrence,"Lawrence County, Tennessee",,,,6.33,42.53,6.99,5.78,11.86,10.99,13.27,17.92,13.22,12.47,4.45,3.06,37.28,6.22,2.23,15.51,13.9,3,2.54,3.42,5.23,3.73,10.54,12.6,20.02,14.82,14.9,9.2,Combined,4000,80,960,2022
47101,Tennessee,Lewis,"Lewis County, Tennessee",,,,5.24,45.92,7.88,4.28,12.34,14.47,14.29,16.22,9.13,14.98,4.06,2.35,45.48,7.18,1.95,18.79,16.7,3.76,0.73,3.36,5.29,4.37,12.64,16.73,16.86,9.91,18.19,8.15,Combined,4000,80,960,2022
47105,Tennessee,Loudon,"Loudon County, Tennessee",,,,2.95,45.11,4.51,2.39,6.56,8.99,14.39,13.15,15.16,19.33,6.2,9.32,45.63,5.01,1.25,6.79,10.5,2.48,1.08,1.24,2.13,3.5,6.97,14.59,12.12,15.84,21.56,18.49,Combined,4000,80,960,2022
47107,Tennessee,McMinn,"McMinn County, Tennessee",,,,5.3,44.95,5.3,5.69,7.92,9.17,15.53,19.89,12.11,14.86,5.8,3.75,44.11,5.7,1.61,13.93,10.5,2.05,1.21,2.82,3.35,3.56,8.34,14.65,20.19,13.34,18.25,12.23,Combined,4000,80,960,2022
47111,Tennessee,Macon,"Macon County, Tennessee",,,,3.59,38.34,5.58,4.74,11.28,9.61,18.03,17.37,13.01,12.32,5.26,2.8,36.74,7.16,2.3,15.46,13.5,3.38,0.78,3.56,3.74,5.34,7.71,18.31,14.61,15.52,15.83,11.24,Combined,4000,80,960,2022
47115,Tennessee,Marion,"Marion County, Tennessee",,,,5.7,45.29,6.25,6.15,9.43,9.15,12.74,19.94,14.1,11.76,7.74,2.72,39.48,8.34,1.93,14.97,12.4,3.61,2.02,2.98,3.76,5.09,7.93,10.96,20.92,15.56,14.25,12.92,Combined,4000,80,960,2022
47121,Tennessee,Meigs,"Meigs County, Tennessee",,,,7.45,48.7,5.54,5.94,13.74,4.91,12.99,22.43,16.54,10.22,5.35,2.35,43.32,6.37,1.44,19.66,10.5,3.22,2.21,3.94,5.73,5.38,4.3,11.51,22.94,18.82,12.41,9.55,Combined,4000,80,960,2022
47123,Tennessee,Monroe,"Monroe County, Tennessee",,,,6.59,48.5,5.21,7.17,13.27,9.8,12.59,16.62,16.01,13.81,3.41,2.11,48.43,7.58,1.79,15.81,12.3,1.5,1.32,3.96,4.41,7.61,9.4,11.31,18.88,17.83,16.64,7.16,Combined,4000,80,960,2022
47129,Tennessee,Morgan,"Morgan County, Tennessee",,,,8.38,54.34,4.93,6.51,10.39,11.08,15.64,16.72,14.21,12.59,4.89,3.03,44.55,10.33,2.82,17.99,19.4,2.01,2.27,4.91,5.47,3.2,10.93,15.57,16.52,16.67,13.66,8.8,Combined,4000,80,960,2022
47133,Tennessee,Overton,"Overton County, Tennessee",,,,3.47,42.55,7.48,7.9,10.43,12.4,13.51,15.42,13.11,9.85,4.59,5.29,41.67,4.51,0.99,9.88,13.7,5.12,1.24,8.31,4.57,4.38,11.83,12.72,15.35,13.34,10.78,12.36,Combined,4000,80,960,2022
47137,Tennessee,Pickett,"Pickett County, Tennessee",,,,4.51,57.18,8.89,14.1,10.84,7.53,12.93,22.59,8.62,9.12,1.32,4.08,48.03,8.03,2.18,21.95,17.2,4.94,1.61,12.38,7.16,3.83,7.61,13.71,21.04,9.94,11.16,6.61,Combined,4000,80,960,2022
47139,Tennessee,Polk,"Polk County, Tennessee",,,,7.81,45.38,6.62,6.62,9.41,9.69,15,16.42,12.39,13.6,4.75,5.51,46.26,4.06,0.7,13.79,7.7,4.62,1.18,3.79,2.87,3.8,9.05,15.09,17.1,14.91,14.89,12.69,Combined,4000,80,960,2022
47141,Tennessee,Putnam,"Putnam County, Tennessee",,,,4.53,39.01,6.52,5.21,11.51,8.76,13.82,19.18,12.03,13.03,5.51,4.41,33.18,4.63,1.48,8.9,11.7,2.08,0.95,2.18,4.34,2.95,6.61,13.51,18.75,15.91,17.85,14.89,Combined,4000,80,960,2022
47143,Tennessee,Rhea,"Rhea County, Tennessee",,,,7.91,47.21,5.34,5.34,8.7,10.15,13.11,21.57,14.72,12.41,5.34,3.33,43.1,8.8,1.44,17.07,12.2,2.77,0.81,2.97,3.97,3.06,8.97,13.01,21.57,16.95,14.82,11.11,Combined,4000,80,960,2022
47145,Tennessee,Roane,"Roane County, Tennessee",,,,4.9,44.8,4.22,5.55,10.35,7.13,13.21,15.53,13.74,17.35,6.39,6.53,42.47,6.45,2.51,13.07,9,1.84,0.97,3.31,3.56,5.18,5.59,10.67,16.6,15.54,20.97,15.75,Combined,4000,80,960,2022
47151,Tennessee,Scott,"Scott County, Tennessee",,,,9.62,49.54,7.05,9.37,14.23,15.02,14.66,18.7,9.15,7.74,2.5,1.58,44.59,11.41,14.02,24.04,22.4,3.63,2.8,6.94,6.6,5.32,13.57,15.71,18.69,12.11,9.14,5.51,Combined,4000,80,960,2022
47153,Tennessee,Sequatchie,"Sequatchie County, Tennessee",,,,3.31,49.97,5.55,6.55,12.35,10.87,12.74,18.21,13.59,12.03,4.84,3.26,41.64,10.26,3.76,17.3,20.2,3.66,0.2,5.69,3.37,5.38,9.65,13,18.25,15.58,15.32,9.9,Combined,4000,80,960,2022
47155,Tennessee,Sevier,"Sevier County, Tennessee",,,,3.54,39.42,4.45,3.82,9.9,9.01,14.58,19.09,13.74,14.79,5.38,5.24,39.67,5.82,3.49,9.29,11.2,1.64,1.84,2.99,5.71,2.93,8.05,13.32,18.23,15.24,17.34,12.69,Combined,4000,80,960,2022
47159,Tennessee,Smith,"Smith County, Tennessee",,,,3.46,40.93,6.06,4.43,9.49,7.52,14.05,20.68,12.12,15.6,5.15,4.91,37.32,6.83,2.41,14.1,12.1,1.99,1.36,3.13,3.4,3.41,7.89,12.59,21.04,14.86,17.82,12.52,Combined,4000,80,960,2022
47163,Tennessee,Sullivan,"Sullivan County, Tennessee",,,,6.19,44.06,4.96,5.61,10.92,10.08,15.21,16.87,11.96,13.52,5.42,5.44,42.15,7.06,1.73,13.06,12.6,2.13,1.11,3.51,3.98,4.49,8.76,15.08,17.46,13.3,16.22,13.97,Combined,4000,80,960,2022
47171,Tennessee,Unicoi,"Unicoi County, Tennessee",,,,5.43,45.8,8.57,5.12,13.08,10.74,12.58,17.85,11.72,13.35,3.7,3.29,46.37,6.28,4.27,17.08,13.4,4.1,1.6,3.06,3.44,4.72,11.28,10.94,21.17,13.38,17.09,9.21,Combined,4000,80,960,2022
47173,Tennessee,Union,"Union County, Tennessee",,,,5.71,46.19,4.69,6.4,10.59,7.93,16.67,18.55,12.65,13.8,4.58,4.14,41.5,8.33,2.5,17.74,13.8,2.17,1.22,4.31,4.01,5.21,7.51,18.18,18.07,15.12,14.48,9.72,Combined,4000,80,960,2022
47175,Tennessee,Van Buren,"Van Buren County, Tennessee",,,,4.08,50.5,8.13,7.27,9.45,15.2,12.57,16.8,9.82,14.54,5.3,0.9,44.82,7.64,1.11,21.28,11.6,3.07,1.64,2.97,4.81,2.76,17.38,14.26,16.62,12.07,17.33,7.11,Combined,4000,80,960,2022
47177,Tennessee,Warren,"Warren County, Tennessee",,,,3.89,43.62,5.69,5.16,12.3,9.87,14.07,22.08,13.43,10.59,4.24,2.59,37.21,6.99,1.35,14.99,14,2.58,1.94,3.28,4.65,3.67,8.03,15.31,22.41,16.25,12.82,9.06,Combined,4000,80,960,2022
47179,Tennessee,Washington,"Washington County, Tennessee",,,,4.96,40.28,6.02,6.34,9.6,8.57,13.05,17.77,12.34,13.76,6.17,6.38,35.83,5.54,1.58,9.59,10.8,1.46,1.95,2.8,2.6,3.85,5.48,12.99,19.38,14.95,17.53,17.02,Combined,4000,80,960,2022
47185,Tennessee,White,"White County, Tennessee",,,,5.41,46.04,4.12,7.82,10.52,12.24,16.86,17.07,15.93,10.26,2.56,2.62,43.8,5.88,1.43,14.85,14.1,2.56,1.16,6.54,3.18,4.19,12.91,17.17,16.66,18.13,10.99,6.5,Combined,4000,80,960,2022
51005,Virginia,Alleghany (+ Covington city),"Alleghany County, Virginia",,,,3.7,50.11,8.29,7.24,9.87,9.62,12.01,20.67,9.95,13.98,4.95,3.41,44.73,5.56,1.89,9.11,8.9,5.6,1.31,6.72,3.01,3.73,9.2,11.73,23.16,10.74,15.22,9.56,Combined,4000,80,960,2022
51017,Virginia,Bath,"Bath County, Virginia",,,,2.01,48.91,6.09,7.35,12.23,7.09,12.97,16.33,14.8,10.18,6.04,6.93,46.93,2.78,0.52,10.45,16.1,4.58,0,6.79,7.01,7.01,3.62,7.38,12.1,19.48,13.8,18.23,Combined,4000,80,960,2022
51021,Virginia,Bland,"Bland County, Virginia",,,,3.35,56.5,2.64,5.5,6.31,7.96,15.39,23.76,15.75,16.02,4.56,2.1,46.13,3.67,1.34,5.82,7.3,1.42,1.21,4.31,1.73,2.84,8.72,12.39,23.63,18.12,17.8,7.83,Combined,4000,80,960,2022
51023,Virginia,Botetourt,"Botetourt County, Virginia",,,,3.09,40.6,3.35,2.76,6.7,6.11,10.15,19.71,14.25,19.56,8.93,8.49,40.53,3.17,1.35,2.73,5.1,1.22,2.14,2.78,2.28,2.98,5.77,9.47,17.89,14.93,21.47,19.07,Combined,4000,80,960,2022
51027,Virginia,Buchanan,"Buchanan County, Virginia",,,,5.97,63.33,8.51,6.11,17.44,11.61,17.71,14.87,9.7,11.29,1.08,1.68,54.8,9.69,3.46,21.11,23.4,3.19,2.48,4.64,7.9,6.85,11.93,19.05,16.35,10.56,13.67,3.38,Combined,4000,80,960,2022
51035,Virginia,Carroll (+ Galax city),"Carroll County, Virginia",,,,4.82,47.57,7.23,5.43,10.12,14.72,13.11,17.82,12.95,13.56,2.9,2.17,47.25,5.38,2.3,14.15,12.7,2.73,2.02,4.55,5.42,3.97,14.03,13.4,18.46,14.88,15.2,5.35,Combined,4000,80,960,2022
51045,Virginia,Craig,"Craig County, Virginia",,,,1.87,45.99,4.75,0.39,12.43,4.36,13.26,21.71,9.72,21.16,7.13,5.08,36.13,4.42,2.6,15.25,6.3,0.68,0,0.27,1.5,13.45,4.3,12.42,24.37,11.74,16.18,15.09,Combined,4000,80,960,2022
51051,Virginia,Dickenson,"Dickenson County, Virginia",,,,3.41,60.4,9.07,10.97,14.22,10.32,14.96,14.38,10.72,10.84,3.14,1.39,52.88,10.59,3.54,24.28,18.1,3.83,2.36,6.91,7.05,6.73,9.55,15.53,16.65,13.24,12.75,5.37,Combined,4000,80,960,2022
51063,Virginia,Floyd,"Floyd County, Virginia",,,,2.63,39.89,8.07,2.79,12.56,6.72,13,16.21,16.14,15.03,6.84,2.64,40.77,3.14,1.5,5.79,5.4,3.24,4.25,2.98,5.17,6.15,5.97,11.18,17.76,17.26,16.46,9.58,Combined,4000,80,960,2022
51071,Virginia,Giles,"Giles County, Virginia",,,,2.18,44.22,4.13,3.3,9.18,10.54,9.6,26.08,13.72,14.83,5.81,2.82,38.67,4.98,1.42,7.17,6.5,1.54,0.73,2.2,6.35,2.72,8.87,10.11,27.18,13.79,16.53,9.98,Combined,4000,80,960,2022
51077,Virginia,Grayson,"Grayson County, Virginia",,,,4.25,52.13,4.77,7.94,16.22,9.42,17.03,18.17,11.91,9.14,3.29,2.13,49.95,8.52,4.07,16.49,14.4,1.61,1.73,5.8,8.39,7.41,8.21,16.64,20.33,13.75,10.71,5.43,Combined,4000,80,960,2022
51089,Virginia,Henry (+ Martinsville city),"Henry County, Virginia",,,,5.23,48.88,6.21,7.8,13.26,12.34,16.31,18.09,10.85,10.33,3.34,1.47,46.99,6.33,4.47,15.59,12.3,2.56,1.53,6.35,5.94,5.21,11.23,17.19,18.99,12.4,12.96,5.63,Combined,4000,80,960,2022
51091,Virginia,Highland,"Highland County, Virginia",,,,14.66,52.19,1.58,2.37,8.68,15.38,13.02,25.44,11.44,14.6,4.83,2.66,56.71,7.99,0.39,3.94,4.3,0.68,0.91,0.8,4.45,2.28,13.7,12.56,27.85,12.56,16.21,7.99,Combined,4000,80,960,2022
51105,Virginia,Lee,"Lee County, Virginia",,,,8.09,58.08,10.19,8.72,16.11,9.62,11.42,17.37,12.85,7.94,3.52,2.25,50.66,11.44,3.44,24.98,22.3,3.71,2.61,5.61,4.78,7.19,7.03,13.5,21.96,16.67,9.64,7.29,Combined,4000,80,960,2022
51121,Virginia,Montgomery (+ Radford city),"Montgomery County, Virginia",,,,3.29,44.11,12.45,3.46,7.01,8.15,9.67,17.05,11.28,15.8,7.15,7.98,25.71,3.25,1.41,4.76,9.1,1.53,1.37,1.18,2.13,2.41,5.65,8.74,15.75,14.33,22.15,24.77,Combined,4000,80,960,2022
51141,Virginia,Patrick,"Patrick County, Virginia",,,,2.25,49.8,6.26,7.15,9.23,10.89,17.12,13.22,11.88,12.29,5.63,6.34,50.06,7.39,3.05,9.65,7.1,2.98,1.53,5.11,6.24,1.17,10.86,18.11,12.9,13.58,14.58,12.93,Combined,4000,80,960,2022
51155,Virginia,Pulaski,"Pulaski County, Virginia",,,,3.28,45.23,6.9,4.23,8.21,10.08,10.65,22.67,13.5,14.06,4.73,4.96,40.51,4.78,1.72,12.51,8.8,2.17,1.09,2.44,2.92,3.59,9.3,10.77,23.03,14.7,17.61,12.37,Combined,4000,80,960,2022
51163,Virginia,Rockbridge (+ Buena Vista city + Lexington city),"Rockbridge County, Virginia",,,,3.93,44.69,3.68,3.07,8.02,12.43,13.07,18.19,14.52,12.25,8.83,5.95,46.62,4.79,3.36,10,5.7,1.84,0.82,2.88,3.39,4.15,9.34,12.78,18.67,15.19,12.53,18.41,Combined,4000,80,960,2022
51167,Virginia,Russell,"Russell County, Virginia",,,,5.89,56.64,7.43,6.56,13.53,13.18,14.32,17.47,10.87,10.39,3.25,3,49.84,9.84,3.87,17.6,14.3,2.97,1.87,6.17,3.2,7.09,12.07,13.31,19.73,12.78,12.57,8.24,Combined,4000,80,960,2022
51169,Virginia,Scott,"Scott County, Virginia",,,,3.41,54.58,9.73,7.07,14.96,7.91,15.56,17.19,10.38,10.7,4.62,1.89,50.66,8.57,3,19.21,12.1,4.16,2.85,6.31,6.61,7.13,8.15,14.42,19.38,10.14,12.81,8.02,Combined,4000,80,960,2022
51173,Virginia,Smyth,"Smyth County, Virginia",,,,3.26,50.28,7.49,6.14,14.94,11.77,14.97,16.96,11.29,11.04,2.87,2.54,44.98,8.46,3.73,15.63,14.2,2.4,1.8,3,7.11,6.09,9.91,15.59,19.42,13.55,14.11,7.01,Combined,4000,80,960,2022
51185,Virginia,Tazewell,"Tazewell County, Virginia",,,,5.69,54.45,6.73,7.37,11.49,11.6,15.47,16.01,10.58,13.87,3.68,3.2,48.06,7.87,3.52,14.05,14.9,2.55,1.33,5.73,5.54,5.46,11.8,13.64,17.54,10.8,16.68,8.92,Combined,4000,80,960,2022
51191,Virginia,Washington (+ Bristol city),"Washington County, Virginia",,,,4.16,45.57,3.98,5.39,9.82,11.29,12.21,17.88,12.7,16.49,5.43,4.82,45.54,6.87,2.33,11.49,8.2,1.86,1.14,4.7,3.54,5.17,8.94,12.57,17.56,13.51,18.58,12.43,Combined,4000,80,960,2022
51195,Virginia,Wise (+ Norton city),"Wise County, Virginia",,,,9.13,53.64,5.32,9.49,12.7,10.77,14.29,21.19,10.57,10.57,3.45,1.64,45.99,9.64,2.96,21.8,15.2,2.57,1.43,5.05,5.41,5.89,10.17,14.48,22.34,13.27,12.47,6.92,Combined,4000,80,960,2022
51197,Virginia,Wythe,"Wythe County, Virginia",,,,5.17,43.73,7.4,5.77,9.9,10.83,13.35,17.7,14.83,13.62,3.5,3.1,43.08,4.56,2.62,11.26,13.9,2.77,1.35,4.43,4.81,2.59,9.43,12.05,19.93,17.62,16.99,8.05,Combined,4000,80,960,2022
54001,West Virginia,Barbour,"Barbour County, West Virginia",,,,10.15,50.13,7.95,6.43,11.61,11.78,19.12,18.64,6.89,11.85,3.94,1.8,46.04,6.13,0.98,15.91,18.8,4.39,2.51,5.61,3.63,6.14,12.33,19.66,18.05,7.06,13.02,7.59,Combined,4000,80,960,2022
54003,West Virginia,Berkeley,"Berkeley County, West Virginia",,,,4.63,33.63,3.61,3.21,5.44,8.13,10.67,20.39,15.98,17.63,8.91,6.03,29.76,5.44,2.51,10.97,8.1,1.26,1.19,1.79,1.7,1.83,6.99,9.87,20.16,17.14,19.77,18.31,Combined,4000,80,960,2022
54005,West Virginia,Boone,"Boone County, West Virginia",,,,9.8,55.77,5.44,8.27,9.93,10.45,11.39,16.54,14.34,17.94,4.4,1.29,53.59,9.32,11.3,22.13,12.8,2.31,1.12,4.67,5.25,3.5,10.51,11.76,17.06,15.56,21.19,7.07,Combined,4000,80,960,2022
54007,West Virginia,Braxton,"Braxton County, West Virginia",,,,14.38,57.37,6.44,6.59,13.73,13.84,17.47,20.04,10.05,8.04,2.76,1.05,50.45,7.64,2.65,15.79,15,3.49,1.37,5.48,4.46,9.05,14.29,19.16,18.67,11.42,8.11,4.49,Combined,4000,80,960,2022
54009,West Virginia,Brooke,"Brooke County, West Virginia",,,,5.71,46.04,4.29,4.88,10.21,11.38,18.08,15.71,14.93,13.37,4.92,2.23,44.51,4.83,2.7,16.14,6.8,0.98,1.1,4.13,3.1,4.8,9.64,14.03,19.13,17.59,15.95,9.55,Combined,4000,80,960,2022
54011,West Virginia,Cabell,"Cabell County, West Virginia",,,,6.06,44.53,9.56,7.45,11.42,9.92,12.19,17.77,10.79,11.02,4.86,5.02,36.67,8.08,3.65,15.82,13.4,2.54,1.4,3,3.99,4.48,9.67,11.86,20.53,13.51,14.81,14.21,Combined,4000,80,960,2022
54013,West Virginia,Calhoun,"Calhoun County, West Virginia",,,,12.25,57.59,8.94,9.6,17.84,9.6,17.96,17.26,7.24,2.65,7,1.9,52.9,10.14,1.78,23.88,29.7,3.92,0.16,9.16,6.36,8.05,10.75,21.4,20.13,6.41,3.39,10.28,Combined,4000,80,960,2022
54015,West Virginia,Clay,"Clay County, West Virginia",,,,11.22,55.44,9.7,4.85,17.42,11.1,11.41,20.56,9.25,6.91,6.35,2.44,48.31,10.54,3.14,28.66,21.1,4.05,2.6,3.46,5.38,9.48,12.97,12.12,21.21,10.37,8.11,10.24,Combined,4000,80,960,2022
54017,West Virginia,Doddridge,"Doddridge County, West Virginia",,,,4.32,54.6,1.36,6.1,13.13,9.51,14.46,16.84,8.61,16.29,3.75,9.94,50.36,6.57,0.94,8.53,13.1,1.04,0,5.08,6.69,5.84,10.11,13.24,16.71,8.07,17.99,15.23,Combined,4000,80,960,2022
54019,West Virginia,Fayette,"Fayette County, West Virginia",,,,7.46,53.83,7.17,9.73,10.33,10.33,12.34,20.13,11.96,13.28,2.53,2.2,47.34,8.65,5.74,23.21,18.1,3,2.1,5.72,3.57,5.39,9.62,13.11,21.47,13.9,16.14,5.97,Combined,4000,80,960,2022
54021,West Virginia,Gilmer,"Gilmer County, West Virginia",,,,7.1,60.06,6,5.91,11.35,11.07,13.98,22,12.52,13.27,1.92,1.97,45.92,6.75,0.75,14.73,8.2,2.78,1.45,3.85,0.57,7.95,11.24,14.58,21.15,14.02,17.17,5.24,Combined,4000,80,960,2022
54023,West Virginia,Grant,"Grant County, West Virginia",,,,5.32,42.31,6.59,4.95,10.41,11.75,14.23,22.33,11.8,12.26,2.5,3.17,41.78,6.23,4.66,13.75,6.2,2.72,1.71,4.52,3.65,3.98,11.1,14.34,25.89,11.31,13.71,7.06,Combined,4000,80,960,2022
54025,West Virginia,Greenbrier,"Greenbrier County, West Virginia",,,,4.3,48.81,6.6,6.59,13.05,10.92,17.19,17.05,11.81,9.83,3.12,3.83,44.85,6.27,2.12,16.2,15.7,1.57,1.26,3.89,6.38,5.31,9.87,16.52,19.87,13.97,12.16,9.2,Combined,4000,80,960,2022
54027,West Virginia,Hampshire,"Hampshire County, West Virginia",,,,8.48,50.87,4.66,6.98,12.37,9.97,12.93,20.3,9.46,16.8,4.12,2.42,51.13,5.02,1.86,12.93,15,2.39,1.27,4.51,5.9,6.4,9.13,14.3,18.73,9.84,19.82,7.7,Combined,4000,80,960,2022
54029,West Virginia,Hancock,"Hancock County, West Virginia",,,,8.46,43.33,3.66,6.55,10.12,10.7,13.59,18.04,12.86,16.7,3.59,4.18,43.77,5.86,2.68,16.09,9.1,1.71,0.72,3.24,2.76,4.8,9.98,13.81,18.58,13.76,20.54,10.11,Combined,4000,80,960,2022
54031,West Virginia,Hardy,"Hardy County, West Virginia",,,,4.56,42.6,5.49,5.28,9.63,9.39,20.94,19.23,10.07,13.12,3.41,3.43,45.3,4.16,8.82,16.5,15.5,2.16,2.95,3.69,1.64,6.12,9,20.13,19.8,9.74,16.18,8.59,Combined,4000,80,960,2022
54033,West Virginia,Harrison,"Harrison County, West Virginia",,,,5.35,42.79,5.5,5.11,10.05,10.11,13.67,17.46,11.67,14.84,6.03,5.55,39.11,7.3,3.49,13.21,10.3,2.36,1.38,3.33,4.23,4.08,8.21,12.62,18.36,13.14,17.47,14.8,Combined,4000,80,960,2022
54035,West Virginia,Jackson,"Jackson County, West Virginia",,,,3.58,53.15,6.29,6.5,8.74,11.86,14.44,16.04,10.72,13.68,6.26,5.47,45.35,9.43,3.83,18.99,16.7,2.3,2.47,4.28,3.9,3.78,9.12,12.45,18.32,11.92,16.17,15.3,Combined,4000,80,960,2022
54037,West Virginia,Jefferson,"Jefferson County, West Virginia",,,,4.85,36.65,4.08,3.23,6.15,4.98,7.78,13.21,14.03,21.59,11.07,13.88,34.23,4.85,2.3,11.19,6.4,1.56,1.24,1.94,1.43,2.81,2.87,5.75,13.05,14.41,24.91,30.03,Combined,4000,80,960,2022
54039,West Virginia,Kanawha,"Kanawha County, West Virginia",,,,5.44,44.86,6.5,5.75,10.96,9.21,13.37,18.22,11.54,13.32,5.35,5.77,40.69,6.84,3.45,15.45,13.5,1.81,1.53,3.22,3.68,3.72,8.84,12.91,19.95,13.41,16.12,14.82,Combined,4000,80,960,2022
54041,West Virginia,Lewis,"Lewis County, West Virginia",,,,8.65,47.47,7.06,6.52,12.44,10.92,12.69,14.67,11.96,13,4.5,6.23,37.62,8.04,3.28,22.11,13.5,1.21,1.41,4.08,6.11,4.38,10.29,13.23,15.42,13.19,16.92,13.77,Combined,4000,80,960,2022
54043,West Virginia,Lincoln,"Lincoln County, West Virginia",,,,5.95,57.02,6.87,7.9,14.34,9.59,9.94,23.59,9,12.73,3.77,2.28,50.33,8.13,9.41,25.14,16.6,4.9,1.96,4.41,7.66,4.65,9.47,11.8,22.11,9.65,15.92,7.46,Combined,4000,80,960,2022
54045,West Virginia,Logan,"Logan County, West Virginia",,,,13.3,58.71,8.94,7.25,14.02,11.51,15.73,13.39,9.33,12.57,4.65,2.62,53.96,8.55,2.59,27.73,20.5,4.77,1.66,5.43,6.36,5.87,11.75,16.8,14.44,10.53,14.93,7.45,Combined,4000,80,960,2022
54047,West Virginia,McDowell,"McDowell County, West Virginia",,,,15.09,74.8,14.1,15.12,15.43,13.76,11.58,13.12,7.94,7.64,0.79,0.52,56.8,15.01,4.63,37.35,30,6.6,4.04,11.81,7.53,9.41,12.11,13.38,15.42,9.73,8.26,1.7,Combined,4000,80,960,2022
54049,West Virginia,Marion,"Marion County, West Virginia",,,,6.39,41.18,4.95,4.23,10.51,8.46,12.58,20.08,13.32,16.93,5.09,3.86,39.9,7.1,2.22,15.44,12.2,1.44,1.72,2.6,2.78,5.07,7.92,11.06,20.7,14.78,20.19,11.74,Combined,4000,80,960,2022
54051,West Virginia,Marshall,"Marshall County, West Virginia",,,,3.95,46.42,5.75,5.88,13.06,10.29,9.14,19.42,9.89,15.83,6.56,4.18,42.36,4.77,1.71,17.41,12,2.64,1.3,4.45,5.41,4.39,10.67,9.22,22.35,9.34,17.98,12.26,Combined,4000,80,960,2022
54053,West Virginia,Mason,"Mason County, West Virginia",,,,2.94,53.44,7.76,3.39,11.74,10.59,15.03,17.48,13.75,9.76,5.44,5.06,42.92,7.4,3.12,16.17,13.7,4,2.16,2.76,5.22,5.44,11.24,15.7,17.81,14.18,10.12,11.38,Combined,4000,80,960,2022
54055,West Virginia,Mercer,"Mercer County, West Virginia",,,,4.19,50.27,5.06,6.97,13.39,13.3,15.29,15.41,13.63,10.41,3.11,3.42,46.01,9.09,1.91,23.44,15.2,2.29,1.64,3.86,4.56,6.68,13.03,13.75,17.17,15.83,12.83,8.35,Combined,4000,80,960,2022
54057,West Virginia,Mineral,"Mineral County, West Virginia",,,,5.79,44.41,4.12,6.54,9.03,7.39,11.43,16.46,19.35,16.07,5.58,4.02,44.64,5.52,7.86,14.91,10.3,2.13,0.69,3.52,3.49,5.26,5.57,9.21,16.99,22,19.71,11.43,Combined,4000,80,960,2022
54059,West Virginia,Mingo,"Mingo County, West Virginia",,,,11.19,62.42,11.48,13.14,13.41,8.45,13.2,15.98,9.78,10.12,3.46,0.99,50.78,17.97,5.08,34.32,24.3,6.38,2.17,11.34,6.91,4.61,9.05,12.96,18.25,9.75,12.49,6.09,Combined,4000,80,960,2022
54061,West Virginia,Monongalia,"Monongalia County, West Virginia",,,,5.65,36.5,9.13,4.73,8.9,9.61,10.03,15.42,10.07,14.35,8.82,8.94,24.38,3.48,2.68,8.26,10.3,1.46,1.05,1.62,2.26,2.24,6.52,8.09,15.39,12.73,19.81,28.82,Combined,4000,80,960,2022
54063,West Virginia,Monroe,"Monroe County, West Virginia",,,,10.63,49.4,5.18,6.09,9.73,10.53,15.58,21.39,15.12,10.55,3.61,2.22,58.03,6.27,3.76,14.99,9.5,0.8,4.26,4.21,3.44,4.42,11.4,15.03,23.47,15.37,10.63,6.95,Combined,4000,80,960,2022
54065,West Virginia,Morgan,"Morgan County, West Virginia",,,,5.1,43.82,4.15,3.83,6.56,10.22,12.55,23.24,14.82,16.79,4.49,3.35,48.19,5.15,2.92,11.98,7.4,2.1,1.08,2.96,2.37,2.82,8.14,10.98,24.33,16.87,19.12,9.23,Combined,4000,80,960,2022
54067,West Virginia,Nicholas,"Nicholas County, West Virginia",,,,6.63,51.76,6.18,7.15,12.04,11.7,13.98,16.56,13.53,12.46,3.37,3.03,50.91,7.59,2.15,22.6,12.1,4.24,0.88,5.17,3.89,4.98,11.87,14.77,16.94,14.8,14.61,7.86,Combined,4000,80,960,2022
54069,West Virginia,Ohio,"Ohio County, West Virginia",,,,5.28,43.29,6.72,7.17,10.72,8.86,12.78,13.43,13.04,14.68,6.35,6.26,42.95,5.75,2.06,16.01,9.3,1.77,1.41,2.44,2.74,3.92,7.81,12.6,14.18,16.42,19.71,16.99,Combined,4000,80,960,2022
54071,West Virginia,Pendleton,"Pendleton County, West Virginia",,,,7.31,48.47,4.24,5.17,10.84,10.04,18.47,19.82,14.27,12.16,3.18,1.82,53.2,4.7,8.47,12.92,13.3,2.61,2.15,2.71,3.12,5.73,9.46,19.44,20.15,14.32,14.27,6.04,Combined,4000,80,960,2022
54073,West Virginia,Pleasants,"Pleasants County, West Virginia",,,,7.24,48.02,4.06,4.42,10.05,12.75,9.61,18.3,10.67,18.93,6.65,4.57,38.91,5.22,3.58,13.92,4.6,1.75,0.43,3.25,3.08,3.59,12.95,9.88,18.55,12.27,21.12,13.13,Combined,4000,80,960,2022
54075,West Virginia,Pocahontas,"Pocahontas County, West Virginia",,,,8.05,58.23,5.12,5.79,16.44,13.39,15.28,20.16,10.88,7.39,3.42,2.13,54.42,8.34,2.41,20.87,18,2.85,1.81,6.39,7.75,6.35,13.69,13.61,21.69,12.41,8.35,5.1,Combined,4000,80,960,2022
54077,West Virginia,Preston,"Preston County, West Virginia",,,,7.16,49.68,6.13,5.47,8.19,9.15,11.89,19.55,13.87,16,5.75,3.99,42.49,8.74,2.05,17.36,10.5,2.4,1.84,3.83,3.27,3.68,8.84,12,19.81,14.64,18.08,11.61,Combined,4000,80,960,2022
54079,West Virginia,Putnam,"Putnam County, West Virginia",,,,3.78,41.4,3.46,3.28,6.31,8,12.06,16.63,12.18,21.27,8.87,7.95,37.08,2.85,2.86,11.23,9.3,1.19,0.46,2.61,1.8,2.47,7.38,11,16.59,13.7,23.13,19.67,Combined,4000,80,960,2022
54081,West Virginia,Raleigh,"Raleigh County, West Virginia",,,,7.12,51.93,10.58,6.16,12.42,10.59,11.23,15.38,11.51,14.76,4.12,3.25,48.54,7.05,1.91,19.22,19,4.41,3.39,3.97,4.89,5.91,10,11.17,17.2,13.09,16.91,9.04,Combined,4000,80,960,2022
54083,West Virginia,Randolph,"Randolph County, West Virginia",,,,7.3,51.04,6.26,9.1,12.39,7.5,14.12,17.15,12.79,12.69,5.27,2.73,45.13,8,2.01,16.33,11.9,1.74,2.37,6.45,4.98,4.1,7.07,14.54,18.42,15.8,14.82,9.73,Combined,4000,80,960,2022
54085,West Virginia,Ritchie,"Ritchie County, West Virginia",,,,3.58,57.29,5.34,9.61,8.29,9.82,18.21,19.34,12.37,7.74,5.8,3.47,48.17,11.94,5.71,16.46,17.6,1.79,2.31,8.16,3.99,3.15,10.06,17.31,20.71,13.65,8.6,10.28,Combined,4000,80,960,2022
54087,West Virginia,Roane,"Roane County, West Virginia",,,,11.73,59.19,7.6,7.47,14.72,12.69,18.22,12.87,10.97,10.2,2.27,2.98,49.94,11.76,3.86,22.65,18.4,3.47,2.01,5.64,3.76,7.08,9.98,21.76,15.87,11.09,13,6.34,Combined,4000,80,960,2022
54089,West Virginia,Summers,"Summers County, West Virginia",,,,7.64,62.72,3.46,8.77,17.67,10.1,14.79,18.18,10.06,12.94,1.82,2.21,62.8,9.98,1.74,23.72,18.4,0.96,0.54,6.09,3.4,13.25,10.83,17.44,20.24,11.77,10.37,5.11,Combined,4000,80,960,2022
54091,West Virginia,Taylor,"Taylor County, West Virginia",,,,9.33,45.81,5.16,6.06,10.82,11.4,14.04,17.05,9.1,16.25,5.52,4.6,40.88,7.67,1.82,17.5,13.3,2.34,0.33,5.97,2.86,5.87,10.69,15.67,16.43,10.78,17.62,11.43,Combined,4000,80,960,2022
54093,West Virginia,Tucker,"Tucker County, West Virginia",,,,6.57,45.89,4.83,5.75,10.12,10.93,14.63,18.16,13.5,12.45,5.68,3.95,49.89,6.42,0.88,11.5,5.7,2.24,1.49,4.75,2.86,3.82,10.59,14.63,18.41,15.07,14.59,11.56,Combined,4000,80,960,2022
54095,West Virginia,Tyler,"Tyler County, West Virginia",,,,4.93,54.38,7.09,7.09,5.97,11.4,10.24,18.15,13.47,18.79,4.92,2.88,52.75,6.85,4,15.3,7,4.74,1.45,5.05,3.6,1.68,11.44,9.26,18.71,14.08,21.19,8.8,Combined,4000,80,960,2022
54097,West Virginia,Upshur,"Upshur County, West Virginia",,,,5.8,47.8,6.65,7.31,10.59,11.51,14.1,16.3,12.71,12.07,6.03,2.73,39.4,5.83,0.85,16.76,14.4,1.88,1.72,6.68,4.04,5.95,9,11.98,17.69,14.65,15.09,11.32,Combined,4000,80,960,2022
54099,West Virginia,Wayne,"Wayne County, West Virginia",,,,5.05,53.29,7.51,6.29,12.61,9.68,11.95,18,12.26,13.18,3.79,4.73,44.54,9.87,2.97,18.54,14.2,2.49,2.13,4.83,6.73,5.16,9.79,12.34,16.96,13.74,15.01,10.82,Combined,4000,80,960,2022
54101,West Virginia,Webster,"Webster County, West Virginia",,,,11.12,56.65,9,9.83,12.66,7.74,17.54,18.31,8.31,13.16,2.16,1.3,53.95,10.5,4.49,28.8,13.9,2.75,3.47,3.81,6.02,8.01,8.22,17.58,21.02,8.56,16.14,4.41,Combined,4000,80,960,2022
54103,West Virginia,Wetzel,"Wetzel County, West Virginia",,,,6.08,53.87,7.01,5.27,11.88,9.11,15.85,16.23,14.64,11.96,3.69,4.37,45.81,7.76,2.17,17.78,11.8,3.95,1.25,3,4.52,6.97,7.33,14.73,18.03,17.37,13.17,9.68,Combined,4000,80,960,2022
54105,West Virginia,Wirt,"Wirt County, West Virginia",,,,2.61,51.63,4.7,6.42,11.63,8.84,16.05,18.85,13.17,14.33,3.21,2.79,53.98,5.96,3.86,26.01,18.1,1.87,0.55,3.19,7.37,4.24,8.09,16.79,21.41,14.91,14.47,7.1,Combined,4000,80,960,2022
54107,West Virginia,Wood,"Wood County, West Virginia",,,,5.25,44.78,5.67,5.72,11.5,11.01,12.66,17.52,11.73,14.8,5.16,4.23,39.73,8.47,2.85,16.47,10.8,2.25,1.78,3.3,4.18,4.56,8.69,12.45,18.62,13.87,18.34,11.95,Combined,4000,80,960,2022
54109,West Virginia,Wyoming,"Wyoming County, West Virginia",,,,6.37,62.67,6.64,9.81,13.34,10.53,14.94,19.69,12.38,9.63,1.68,1.36,52.23,11.44,2.54,25.76,21.8,3.64,2.17,5.65,6.31,7.01,11.89,12.3,22.42,13.98,10.92,3.7,Combined,4000,80,960,2022
